bin_index,delta_chi2_center,n_total,abs_u0_q16,abs_u0_median,abs_u0_q84,tE_q16,tE_median,tE_q84,rho_q16,rho_median,rho_q84,piE_q16,piE_median,piE_q84,sigma_u0_q16,sigma_u0_median,sigma_u0_q84,rel_sigma_tE_q16,rel_sigma_tE_median,rel_sigma_tE_q84,rel_sigma_rho_q16,rel_sigma_rho_median,rel_sigma_rho_q84,rel_sigma_piE_parallel_q16,rel_sigma_piE_parallel_median,rel_sigma_piE_parallel_q84
0,-11.43171382217007,5,0.9863479320967323,1.5587593903933088,3.0136779322796223,51.00351965348085,136.62433873028237,1213.6542006420696,0.30934760181190635,0.5341820577511641,5.756096879469833,0.6937422934281412,0.7822594634987573,1.7098260471376772,11.873126387877619,120.60850285483099,370435.4596629252,5.838389537235535,2138.1113109695516,28103.367820175456,104.6931062792103,360.41355182858285,365080.4431975731,10.779313062706118,28.413207624108615,144039.63647763946
1,-7.38676669653063,22,0.41913499258223985,0.7891810418488281,1.0913256203784585,156.99026300096827,522.2006694598498,2397.456904133817,0.008871527828201865,0.29258788669240915,1.2823954689395463,0.30710982204845266,0.8542440594251524,1.7229739635851216,0.4025915435319359,19.614224473761812,167.05921006903927,0.3397551490586187,15.955813817279108,362.1670635114681,2.5276476950440827,64.42500750517115,15217.861603960606,1.0654594477095638,12.707455975773556,69.06627794531224
2,-4.657937162018517,87,0.13813298998266801,0.5494951973421405,1.1104415292510286,59.30851155542789,238.48388883851027,2101.899993383026,0.004342378498750892,0.17740024970481827,1.1020585804348615,0.2349726954457286,0.7567451067397089,1.7039005696068241,0.7116113662820718,9.037062264796736,232.12709320777162,0.09836123067820382,7.1861591073903615,209.87545242431804,10.729433785426368,74.14696033664168,8020.374157816633,0.8099687351532255,7.211735750266885,103.50777182369389
3,-2.81699576102346,214,0.13766719230127616,0.4826051139068713,1.0289476734503897,47.47039509362224,232.76267949216873,2351.433993683315,0.000929317205738745,0.23677633124208608,1.0880028798758838,0.30080252934449947,0.8160273986529868,1.7688610623052672,0.3131544703276602,6.911848509563857,78.80663550837494,0.28609165544702436,8.220117806112302,167.28556592662184,6.536623579339874,76.11395879967229,64494.516690181925,1.1389650711467767,6.820189746037152,69.82794948268324
4,-1.5750474461744086,359,0.10330709108931382,0.4594017727828588,0.9158412768378249,53.232881370538976,236.94426103065683,2495.7900057142037,0.0024016422144303826,0.19992609546992218,0.7531404278000159,0.2666022429168924,0.6779992662485095,1.5783724258757679,0.8063254137620479,5.648394198605413,100.61020474057544,0.4721474577560958,8.820911605146344,156.3091256232579,7.202643979215125,81.80033882118578,33345.4014047512,1.2221387621365045,5.6796747694780265,68.31928797336337
5,-0.7371958904851899,649,0.11349680398257159,0.4467351609349783,0.9218966379228423,46.88832837616475,227.67859647287142,2085.338748232196,0.004689192432906974,0.19914897492008807,0.7590994360464118,0.21959166974317634,0.6230972106966046,1.4463639737015963,0.6510776852126605,4.51256378168483,74.73899981898727,0.7276212614542271,9.165940099393707,150.9647801362446,5.649465163223709,57.782706346349975,26399.751719409094,1.4789801668403815,6.35027471196785,51.85779819783563
6,-0.17195881823539483,2819,0.11932289778412758,0.45024778516436537,0.8889224538024919,27.561231730286067,71.87603361899696,561.5154094496093,0.00015396632123666556,0.09238928659656336,0.46386824479329075,0.09512991041292926,0.45386207102593856,1.4514722856262356,0.5878620342825877,5.562062414557942,114.10764242041887,0.5033173139075119,6.933238403955612,171.02974989794117,16.327054198428144,204.23754506042198,943487.8599969873,3.726153261360376,17.433974942743603,160.1130129582371
7,0.26480650632457703,12407,0.11390109945345585,0.41842012443420673,0.8431547711868629,22.318298731649737,49.084107246270165,149.47482891225627,5.070248986449171e-06,0.06899730156725696,0.3146360669942681,0.13174644243578418,0.4591880766990703,1.584646352336701,0.2826225115469747,1.9960574216192946,23.61602863997289,0.26344337276206037,2.2782760988353283,29.19204765413432,18.479849747699255,178.72853334801184,13877499.924846606,2.20808326329896,6.031285490640348,28.623990308907143
8,0.8748241242421044,13976,0.10259419664550874,0.39514889738645487,0.8390703485262472,23.350309497248762,50.499707421517236,164.68656005505105,6.196530134543677e-06,0.0779664192066873,0.35126217549390637,0.19398971057894673,0.5924562752870598,1.8316239320681975,0.23079562571161227,1.414245923839215,11.898417234241412,0.222845255876667,1.7542533404555196,14.543764839540069,11.006469067742074,108.58408571050664,9360485.176604833,1.120575127276107,2.7440711374842586,10.663455111426936
9,1.7790539337549522,15668,0.1007217354063428,0.3920467005660361,0.8360152726140089,24.338905334773507,52.766533638374554,174.350708447467,1.2301304487122415e-05,0.08520990754406811,0.36590662622237163,0.22670962053129393,0.6504450637862763,2.0336989393283065,0.20615833882638196,1.1242277359687471,8.509825107933073,0.20466981636198137,1.5174804109216171,10.946007424335008,8.11199187828114,78.86136658273003,3899183.8995974804,0.7523583252321391,1.811855636500657,6.867836657468565
10,3.119394809814998,16584,0.10402535265922745,0.39639783315486066,0.8521155825427429,25.55619183716474,56.07741251448118,185.52527830038215,6.29005277755902e-06,0.08608715269762332,0.37374575079488803,0.24008150346330323,0.6817426227483414,2.0215468048274614,0.1764923897422949,0.9566931548842548,6.657076939701369,0.18982209557956378,1.2826006011824538,8.459325721603214,6.611040313009679,69.0649668296166,7327973.28447887,0.5668813996870106,1.3770793006367081,5.034148133602987
11,5.106183616307982,16155,0.11026804052601968,0.3964025155322937,0.8438634932094952,28.143781383086935,59.80764441446404,196.49875458230886,2.8660283334542446e-06,0.07473270008372729,0.3534548057159712,0.23295698932623934,0.6402127056539492,1.7575562422848905,0.15172493944907894,0.7811096362346257,5.063253132162819,0.1767099435397125,1.0924504546631142,6.707977190799899,5.866939904579079,71.01232962179782,13320762.704932617,0.46749732949621303,1.0871275870935613,3.863324393472019
12,8.05120292602945,15326,0.11466801116329658,0.41127770222290205,0.852644031386569,31.425454409519705,66.41319498548619,215.58573692369853,9.825943254306351e-07,0.06571077766049041,0.3400908430407348,0.22177102020096817,0.5822330452077265,1.4958125328243856,0.12667421084195812,0.6439424158301364,4.169259577685388,0.15944733317775267,0.9289412619489229,5.355811697931939,5.911191480889591,69.20579908638572,35518016.66440325,0.38843204840795365,0.8828228358636626,3.0009351473961865
13,12.416608401582662,14661,0.12621473596852342,0.41205508150021514,0.8567005728358648,34.099046579487606,74.42239248111775,229.99112655854802,3.605326438130914e-07,0.055280044695403645,0.31313008577220797,0.2122607850925835,0.5270484376918877,1.2715901106771856,0.11189073009138861,0.5642401258245285,3.242194457317599,0.1504680848212804,0.8166579033861279,4.182897237619,6.205976096387717,78.88007588376772,64276051.83774025,0.3335560303431382,0.7278571775975597,2.270943484605086
14,18.8874539077849,14507,0.12965982721873132,0.42868375897242783,0.8676717489444843,36.62328682379494,80.02750446433826,239.03690310767465,1.6538480127933586e-07,0.047037340333933246,0.29992384424129037,0.20997869938342043,0.49985732109632564,1.1513892807868849,0.0992226789267106,0.47688716887928745,2.7008139383110787,0.13940616281291596,0.7046305509009609,3.3783542689765866,6.2651662250330595,86.43683819414795,93315909.92593206,0.2880120467550529,0.6216625407558761,1.8600185376625729
15,28.479195568353415,14846,0.1364745817041889,0.43798108748159004,0.8629330681838695,39.05006550147715,84.9128735913827,238.62280341183634,1.4969687259755144e-07,0.043140863963646456,0.28842361452676996,0.21195336728974218,0.4886224893899183,1.0957307911825083,0.08778863206857589,0.42363441935630125,2.2393912810199885,0.12874332177310244,0.600695857294434,2.824893430461335,6.974786230630017,88.64170861199969,94965861.87896988,0.24060292075036435,0.5136326736869173,1.5219951601840203
16,42.69704515151887,15005,0.13777527841927756,0.43528475979471554,0.8575305406575144,40.960775173737126,88.85430118427222,239.90892999501327,1.3049901694175007e-07,0.03784795772520127,0.26731412517689396,0.21748598574630185,0.4845663288492132,1.0690715809026976,0.07986484391495521,0.36702444241247334,1.6980060620462134,0.12161672469347849,0.5212621968507294,2.172930817047424,6.8182006519302965,92.15611057356155,99603959.4854085,0.20482485761700248,0.42903288814538854,1.2396436496875196
17,63.772179774935864,14915,0.13364615371625993,0.4398507252525774,0.8539556836390023,43.703967630992466,95.30741472171283,246.47077578880936,1.1685868786773295e-07,0.03150467033854297,0.2520864294714605,0.2141017952430201,0.4796521872543224,1.0299753792981075,0.07134533490645552,0.3122930437410957,1.4631633682818665,0.1150987321632127,0.45361793698704445,1.8218045492314703,7.224317186137567,97.12572596115058,101681490.57518618,0.17281790763825602,0.3650866483518942,1.0346503377532594
18,95.01187582018416,15142,0.1440807980876746,0.4391025280383253,0.8488905338949253,45.62071835465281,99.60664970437463,246.6660089052885,1.1177562998036759e-07,0.028119889678218532,0.2482759442144533,0.22028286267705338,0.4867620222789045,1.0297875780754737,0.06383833697581051,0.27459716947298185,1.178627048537663,0.10291178429294626,0.39651273439612716,1.4896652314058734,7.191670170642057,102.82745142836957,96284459.45076393,0.14529336596776057,0.30484047798474806,0.8489339654259044
19,141.31851283284362,14767,0.14444140160176308,0.45254125251937877,0.8484294302400557,48.53105990972917,104.70268138149082,245.54668052553708,1.0598199552657103e-07,0.025072826025893814,0.2348368873018185,0.2217958453004146,0.4923482524764267,1.0072112443436219,0.05855374166980209,0.24573156126222306,1.008775837358154,0.10114608847734233,0.34672773740903895,1.215759050494334,7.1645578716176335,103.18762819646264,101381552.95462804,0.1251672582395312,0.2621938974023205,0.7103440295974409
20,209.9588935944345,14669,0.14585772554515875,0.4523241882840666,0.8488804579150944,50.87542683981003,108.47708531385604,244.89096367626874,1.062060958566264e-07,0.02199943611115682,0.22161587202667418,0.2221370240576189,0.48049778407626353,1.0025205304679183,0.04838548027812905,0.20530761477023665,0.7840472319071413,0.09054359347140731,0.2854926529672856,0.9486492133139142,7.322338146797374,116.38332802769789,91819103.04161708,0.10491070861166647,0.21720555822375864,0.5809912690369247
21,311.70460814088506,14367,0.14762855263377275,0.4469134396856548,0.8330091651917914,53.1209547979186,113.75961142593631,260.0380687423311,1.073379240091325e-07,0.022391223820665936,0.2027812215600981,0.22681307780383378,0.48518146741501134,1.0015912402568647,0.04554316706426309,0.17690525547545521,0.6447120680398496,0.08356562933691812,0.2542945859369363,0.7894322239087465,7.418514886552381,102.40442869379534,86890715.46531737,0.08956532086023518,0.1858833075868433,0.47960265420884374
22,462.52239664535387,13917,0.14850996423907364,0.4518904577435505,0.8349538833302846,56.14085980769749,118.18050237776116,255.9231443466001,1.0466439731329979e-07,0.019210462276050257,0.19642021773219123,0.23354134703619758,0.49111015730035157,1.0001121318225292,0.0398998751010172,0.1533800520580736,0.5346302385587219,0.07749766009493872,0.21843841952878928,0.6628784459225463,7.107308576117602,108.08153638639867,87674902.30803218,0.07603884941467794,0.16180698697369195,0.409121963014854
23,686.0797762438273,13146,0.15112869443048138,0.4599346275311651,0.8268016166951179,60.034035586458785,124.39451673693239,260.46564824239715,1.0367114301293883e-07,0.01611812704826538,0.17547494092753438,0.24078045467310344,0.488511531284764,0.9737558186640337,0.03587965767218163,0.13281110741780408,0.42946277461176285,0.07117126313909182,0.186786397374898,0.5135457490441033,7.395274300109422,122.80421924463249,89307920.66676661,0.06666819548967269,0.13993368052485972,0.3409790773907906
24,1017.4591345312272,12173,0.1423681493899318,0.44299397053041306,0.8052108465430291,62.6167506366217,128.69631108840986,268.732689403331,1.0601137356689284e-07,0.015007750991683439,0.1631902591177994,0.23989636861116104,0.4851336727793216,0.990676667505424,0.030108262980714715,0.10637619778711016,0.33328625514965693,0.06108192795990307,0.1535644921517365,0.4200139257858995,7.153507662693768,116.58318824518354,78292837.1979576,0.05615492691160623,0.11736317078895554,0.28833489618513425
25,1508.6631345790045,11481,0.14143804614246785,0.44281844753793437,0.8098949344498761,63.94383339701773,130.95151176761215,265.7686622109284,1.0306805483213511e-07,0.012544511643509374,0.14309137490486418,0.24644583106690962,0.49694838829900356,1.032260690216235,0.025827421691086896,0.08886494273398536,0.27720769117906957,0.05389948854188652,0.12932076349986626,0.3341444590133401,8.073136315559768,123.19285636681329,77683076.92680804,0.047628975437119636,0.0997548020338149,0.2374769147200006
26,2236.775383060324,10098,0.13738307062649938,0.43161088444920315,0.7969486254132856,67.39696221365594,136.2875603680033,277.2745057578036,1.0598787656244291e-07,0.010528286115500395,0.12585540760274286,0.2531654149705951,0.5050595976977883,1.0527315405872772,0.021525416348015983,0.0714239221332806,0.22085516964010074,0.04763812326675545,0.10831625571964207,0.2831864357369611,8.3299005900958,139.96961231617723,72917944.86824769,0.04162324952233291,0.08592943953797255,0.2043485974957419
27,3316.0569979025463,8994,0.12258805155367279,0.4114369825363525,0.7696436726399669,70.95861828063671,140.81801375079158,279.0018703247139,1.0921432053860141e-07,0.00888087630651276,0.10690668650198334,0.25625566146915996,0.5058857792562799,1.04665231868945,0.017749450048134992,0.057164818140565066,0.1668524087714274,0.04113362268330327,0.0890387573446401,0.21867053218868704,8.730713886749331,144.27994772482134,66864765.72215814,0.03559427603175125,0.07256076487000948,0.1654054070042499
28,4915.877364289809,7740,0.12272034641365057,0.4156817293594447,0.7732053080482363,73.00875615102575,144.34598587961955,279.2750731218683,1.1541849358716419e-07,0.008396079136599417,0.09746252433038426,0.26900283969772865,0.5194356084969063,1.0760957724987983,0.014761900600620673,0.047769875127169195,0.13958831915163908,0.035690345648024424,0.07581253800929325,0.18359135368764784,8.508489306431017,138.58996740405303,58760556.81356949,0.03187619950170262,0.062454141289504134,0.1401012613504891
29,7287.29291469889,6867,0.11216445497422306,0.3805226451998269,0.7420396114694077,74.91312444046899,146.61758171583833,281.0685155323015,1.6087231812694075e-07,0.006811663284414233,0.07908052356883824,0.2700771816795456,0.522021566613009,1.0744136089496625,0.011445593117904608,0.03490279939848996,0.10297309311995394,0.02964365006813743,0.0611545640576665,0.13973767532917294,8.642678397638091,153.32624765048584,44560914.70080759,0.026273111881926988,0.05109954414951729,0.11066012199366206
30,10802.44488480495,5620,0.10343790979637574,0.35814426969413665,0.7101616029304014,76.10020594485327,150.89523602315847,283.67461601608926,2.241345888154655e-07,0.00512051544311893,0.06061696826212095,0.2658503694560147,0.5285140165151827,1.1116445957790164,0.009485194538531546,0.02747957949512183,0.07838414580630153,0.025156921614768187,0.050182154145784745,0.10892996692143872,10.9317501488488,172.1949140904458,32352175.743379213,0.02270266835848933,0.04347215310704586,0.08921488048614074
31,16012.958651912983,4502,0.08847125821822074,0.32772493349083115,0.6818230648725014,77.12312947370427,149.40522207596317,290.48650253367805,4.068198379478539e-07,0.004426955529969695,0.05437294388341694,0.2716276942102081,0.5262094612650545,1.0844914784168418,0.007236556145201712,0.020918436289198754,0.05629439831934876,0.021626066243892676,0.03982813211399004,0.08548381750260249,9.503033009105588,164.51348171479583,16446234.13680162,0.01956481385781402,0.03545426218833743,0.07143112860878617
32,23736.509140799273,3421,0.09198256938643555,0.3203954908141974,0.6622516859192337,79.1575182625548,151.05146559804948,283.3497957544099,4.735205709244935e-07,0.0031037589580740488,0.043089552467084645,0.277459579502806,0.5455917950487751,1.123353634280261,0.006124740582107994,0.01625958334746581,0.044853333529605,0.01812729791075404,0.03332286657724166,0.06952111124044158,10.879118267247332,185.964629508166,14521450.575724645,0.01682120684950234,0.030438692846766337,0.06051928906425842
33,35185.13682334052,2721,0.07793040067497671,0.28740719610636983,0.6123130623164125,78.08782128243509,149.9828804416539,279.1295472178948,1.0718568261471137e-06,0.002219073573454207,0.033872558017872076,0.2808668128604657,0.5480493455561573,1.143243211740712,0.004980178297969201,0.01265349113317872,0.03357906780446588,0.015887330674613183,0.02736605503323624,0.055729373130224906,11.107321516820903,231.73274702610237,5832719.895540661,0.01500420076696847,0.02567880875865596,0.05150411509651998
34,52155.45067084543,1976,0.074937876257078,0.26858477089191585,0.604434494215223,78.70796804467184,153.33478160532374,281.66156996089114,2.547973037307579e-06,0.0023151293157708027,0.03261618538022217,0.27751112702107295,0.5238040972128024,1.0999801457516116,0.003628992920670135,0.009995405894234321,0.028203267449538747,0.013404113365742994,0.023185500814410034,0.04443121008517222,8.15387343910815,217.72459368510522,2063754.4843889961,0.01298104301897385,0.022081740166380856,0.04183489480518882
35,77310.56620683194,1431,0.06151444436817018,0.2311530266831321,0.5423467735263188,76.6776218840926,149.63807867581812,276.8054442777708,8.070028387486739e-06,0.001867911200050535,0.02639071828189113,0.28284755721795046,0.549631650936385,1.120467956204593,0.0028304705728869894,0.007650517519521478,0.02146528372961851,0.01162538392254591,0.01949170499351972,0.036243073987413325,7.64011421544253,202.89737180840504,502810.90945611807,0.011615375348380783,0.019166606481924114,0.03581926477655397
36,114598.02260363058,952,0.05306504738387485,0.23545113308279506,0.5629869569080734,76.2603669008396,143.911362024733,275.5618114805924,8.435962163031311e-06,0.0013702376295232166,0.02116472754731133,0.28656472314445064,0.5568878119274496,1.156168431008395,0.002322946728615014,0.006337046628155546,0.01617063317604279,0.01047531300810048,0.015987278355495585,0.028588547844571516,6.1348645582574575,225.27408768556097,265369.44749735674,0.010140495027865012,0.015739535112488195,0.028756826932233616
37,169869.2616704574,607,0.05392102068595983,0.2333444449944613,0.5794056241848885,75.99002704818616,145.74001110786062,283.69635676682515,6.72297961134875e-06,0.0013805228065850812,0.019920552074266934,0.25558989215530786,0.48812340995337883,1.0527280043357623,0.0019807313282826245,0.00505688820932838,0.01249158936716367,0.008873781102734653,0.013526500162746913,0.02615929290146659,4.386541139137221,185.21813742635254,274452.8864802698,0.008823776629667834,0.013676093810378966,0.02544078287476111
38,251797.882262679,389,0.04603909517938809,0.2725595909746375,0.6512632396001601,76.09198202207827,149.81311054684764,275.9481970355866,1.029661638352405e-05,0.001339976073581009,0.018364684770533147,0.2748634585992379,0.48380153499581446,0.910686545180862,0.0016091223319447084,0.0043709895185227695,0.011383061846718029,0.007818645335705789,0.011639736506628867,0.021251481496064505,2.8181166882543613,162.01733826681976,114537.26644582722,0.0078028267924427535,0.011839470062362726,0.021286892690986207
39,373240.76983805175,209,0.07478590311184773,0.32088048770187655,0.762552615732879,83.51940072348212,143.8199022914358,260.7002826468618,1.154187112715615e-05,0.0012877781817930327,0.017529573247624136,0.24665805536325097,0.43395423719183174,0.8673500929946762,0.001475449689766314,0.004467703174960567,0.012725753551009111,0.00707139888060659,0.010865767712126039,0.023292890241787424,1.7182121467485132,145.3174602847933,134107.31647923077,0.007259111217483387,0.010888853425377251,0.02283256873216577
40,553255.7003475098,115,0.08105374106438988,0.31332466568859557,0.7642403072726885,88.28981126967747,135.86254864134847,230.34341209889658,2.4552093349512868e-05,0.001074977310035076,0.015842145255707183,0.27765635470091987,0.4430800824484721,0.7809903739913757,0.0013086416745520194,0.003275565316693529,0.011390029316734331,0.006275645713673759,0.01026455399602522,0.021222860027624472,2.419469035672888,127.34507897025833,66920.96009276617,0.006205625927797752,0.010210582722421665,0.021414256009948007
41,820092.036779423,77,0.04673951139845417,0.34762490516448535,0.7901667793999573,94.57819868214476,161.41110815319945,264.4439896661267,1.4329916401365477e-06,0.0006469368911434348,0.01499541659835723,0.26816394774642155,0.41802673249147626,0.7110793239522886,0.0007105131099787681,0.003914937311462768,0.010189551838409779,0.006060787089494561,0.009788169031767373,0.01856824235015449,1.6668729210147375,1114.3696856607528,337220.6219536059,0.006057996058773697,0.009846032655381894,0.01867775568111987
42,1215623.8420519007,45,0.10074674228833602,0.43771049904952947,0.8592565165157513,120.53845277646674,202.58297020298593,294.60593066760345,5.2371088917325106e-05,0.0007498401994419729,0.008990202357919608,0.23078022168361817,0.2991283151254727,0.5721420793153217,0.0008265078325068529,0.005079925360225824,0.010358782303410986,0.0058241823516761585,0.011525430105562886,0.021749973877897642,4.994278294306303,93.66858286573637,9631.225451032078,0.005849829511784572,0.011526621261985342,0.022168855450145995
43,1801921.0872999206,15,0.11602106281795399,0.3946846471478312,0.8068500033715615,125.26619354759028,215.07122489610842,312.44567650370664,0.00016438669375168352,0.002364375312903928,0.006927050743250898,0.20573183477635906,0.3259091347776189,0.5031361784656734,0.000990941769289106,0.003526848668436088,0.006660411475001939,0.005380898234596456,0.0074615929638335325,0.023895285283973944,1.1312770543988238,7.565374619787189,914.6002555040768,0.005383073432791139,0.007494202620829469,0.023887820458795308
44,2670990.1614003386,7,0.08855914428420532,0.6833331293780044,0.8956868578875187,224.3241293591076,297.81777648315534,322.04087057887307,5.434243841958153e-07,0.0006842,0.007607593664082485,0.191035283383284,0.2436641975705891,0.3448766882568232,0.0023046041151628745,0.004859826494747228,0.006922659535366803,0.005527796358666513,0.00890186545531584,0.016634430045310393,1.5505560016244557,44.24827134218388,259227.43121501163,0.005447225898987158,0.00905708715677419,0.016616753447422222
