bin_index,class,piE_true_left,piE_true_right,piE_true_center,n,delta_log10_piE_q16,delta_log10_piE_median,delta_log10_piE_q84,shown_in_figure
0,confused_fspl_no_parallax,0.01,0.014126898277593725,0.011885662908560768,11,0.8538713450160644,1.8397650043010192,2.2307389291154682,False
0,parallax_detected,0.01,0.014126898277593725,0.011885662908560768,0,,,,False
1,confused_fspl_no_parallax,0.014126898277593725,0.019956925494548066,0.01679075508710068,26,0.20270360842956447,0.8758757435401842,1.903841357750923,False
1,parallax_detected,0.014126898277593725,0.019956925494548066,0.01679075508710068,1,0.06420898312532117,0.06420898312532117,0.06420898312532117,False
2,confused_fspl_no_parallax,0.019956925494548066,0.028192945639499752,0.023720128911946078,73,0.04366625472294137,0.5824966434427743,1.6493318940154917,True
2,parallax_detected,0.019956925494548066,0.028192945639499752,0.023720128911946078,7,0.03992666979837372,0.058508201864715434,0.18232559912387025,False
3,confused_fspl_no_parallax,0.028192945639499752,0.03982788751949426,0.033509184827047234,177,0.0988594072508138,0.6199094812548518,1.4347135353758942,True
3,parallax_detected,0.028192945639499752,0.03982788751949426,0.033509184827047234,46,-0.03109198079531623,0.03981132114375591,0.1656105011108746,True
4,confused_fspl_no_parallax,0.03982788751949426,0.056264451559934,0.04733808454167833,594,-0.012090953349520213,0.4173794497636062,1.1683524137904169,True
4,parallax_detected,0.03982788751949426,0.056264451559934,0.04733808454167833,244,-0.04065295613609083,0.018129975135543173,0.13464426481317818,True
5,confused_fspl_no_parallax,0.056264451559934,0.07948421838317876,0.06687403049764219,1548,-0.06230910807983845,0.3423236083023098,1.0138924658143271,True
5,parallax_detected,0.056264451559934,0.07948421838317876,0.06687403049764219,990,-0.04015794488694944,0.009215639244470667,0.10002130798427677,True
6,confused_fspl_no_parallax,0.07948421838317876,0.11228654677732122,0.09447226262528921,3404,-0.09832053199783827,0.2503401058804143,0.836236426448388,True
6,parallax_detected,0.07948421838317876,0.11228654677732122,0.09447226262528921,3363,-0.052272445705410626,0.004658535391288244,0.09001171887241927,True
7,confused_fspl_no_parallax,0.11228654677732122,0.15862606242654864,0.13346000441615807,6322,-0.126232949274514,0.19937512018351872,0.7651068420608501,True
7,parallax_detected,0.11228654677732122,0.15862606242654864,0.13346000441615807,8936,-0.053696872746955115,0.001874285643834898,0.07417198428574338,True
8,confused_fspl_no_parallax,0.15862606242654864,0.22408942480750846,0.18853759065142744,10025,-0.14793532677134816,0.16027034573303525,0.6551859614113231,True
8,parallax_detected,0.15862606242654864,0.22408942480750846,0.18853759065142744,18215,-0.050627378046258935,0.001018901578418124,0.06675369890708138,True
9,confused_fspl_no_parallax,0.22408942480750846,0.31656885093401615,0.26634513646353214,13603,-0.15928421627277364,0.13610267302874884,0.5824016638285995,True
9,parallax_detected,0.22408942480750846,0.31656885093401615,0.26634513646353214,30301,-0.05436072559432208,0.00022229551735597006,0.06305384844687188,True
10,confused_fspl_no_parallax,0.31656885093401615,0.447213595499958,0.376263064955214,16285,-0.18464400652106427,0.1050871235803967,0.5229246182656576,True
10,parallax_detected,0.31656885093401615,0.447213595499958,0.376263064955214,39582,-0.058711408447569814,8.881657051630772e-05,0.06363006948942726,True
11,confused_fspl_no_parallax,0.447213595499958,0.6317740971984853,0.531543004423795,16550,-0.20382176413032965,0.07431397340350607,0.45437830266132495,True
11,parallax_detected,0.447213595499958,0.6317740971984853,0.531543004423795,43360,-0.06430792505898525,0.00025013319570610853,0.06546882024932943,True
12,confused_fspl_no_parallax,0.6317740971984853,0.8925008405541612,0.7509053953661503,13919,-0.22915209660949348,0.040774303218183185,0.38993017329851104,True
12,parallax_detected,0.6317740971984853,0.8925008405541612,0.7509053953661503,37488,-0.06621597494325701,0.00014839763281509396,0.06443416243652901,True
13,confused_fspl_no_parallax,0.8925008405541612,1.2608268587175546,1.060796413643391,9680,-0.24150071358399403,0.0312916557335295,0.36681234080596264,True
13,parallax_detected,0.8925008405541612,1.2608268587175546,1.060796413643391,25291,-0.06830476241312261,0.00012624546104429737,0.06100216440772662,True
14,confused_fspl_no_parallax,1.2608268587175546,1.781157277876093,1.4985763028776429,5036,-0.24621223480105647,0.017866969461975937,0.336709067927182,True
14,parallax_detected,1.2608268587175546,1.781157277876093,1.4985763028776429,13607,-0.06756335942344333,-0.00046437720949588334,0.05626455984037842,True
15,confused_fspl_no_parallax,1.781157277876093,2.5162227680951306,2.1170234991964945,2355,-0.2548395475152055,0.014634608504496422,0.33060420090892484,True
15,parallax_detected,1.781157277876093,2.5162227680951306,2.1170234991964945,5694,-0.0610533193544884,-2.968474814413743e-05,0.05693183856365815,True
16,confused_fspl_no_parallax,2.5162227680951306,3.5546423088645214,2.99069756244244,806,-0.263664721520837,0.004978849356901368,0.29061946427683577,True
16,parallax_detected,2.5162227680951306,3.5546423088645214,2.99069756244244,1989,-0.05945125131023864,-0.0006002291312739507,0.04974293803979384,True
17,confused_fspl_no_parallax,3.5546423088645214,5.021607031055999,4.224928024367186,239,-0.315051231669555,-0.007078216172228713,0.2682352644773557,True
17,parallax_detected,3.5546423088645214,5.021607031055999,4.224928024367186,612,-0.0675822422020882,-0.00020414244728979416,0.05894096823592351,True
18,confused_fspl_no_parallax,5.021607031055999,7.09397317177776,5.968512843039028,75,-0.302323187447881,0.003910117193336338,0.28377047442273956,True
18,parallax_detected,5.021607031055999,7.09397317177776,5.968512843039028,159,-0.035237842782189034,0.008373180100598947,0.0692131324925854,True
19,confused_fspl_no_parallax,7.09397317177776,10.021583738168333,8.431657380212412,16,-0.28747358729066,-0.03804182541822866,0.4635725965607908,False
19,parallax_detected,7.09397317177776,10.021583738168333,8.431657380212412,33,-0.06789718509401949,-0.00718966406290123,0.04859378483108582,True
20,confused_fspl_no_parallax,10.021583738168333,14.157389404949152,11.911316612178315,3,-0.13147653714511387,0.0882028575099221,0.23572717127840837,False
20,parallax_detected,10.021583738168333,14.157389404949152,11.911316612178315,2,-0.018916055271333894,-0.013118176073703039,-0.007320296876072182,False
21,confused_fspl_no_parallax,14.157389404949152,20.0,16.826995813245542,0,,,,False
21,parallax_detected,14.157389404949152,20.0,16.826995813245542,1,0.1893750855953395,0.1893750855953395,0.1893750855953395,False
