bin_index,class,component,piE_true_left,piE_true_right,piE_true_center,n,relative_sigma_q16,relative_sigma_median,relative_sigma_q84,shown_in_figure
0,confused_fspl_no_parallax,piEN,0.01,0.014126898277593725,0.011885662908560768,11,6.455989204140602,42.059936482317845,297.21362550051924,False
0,confused_fspl_no_parallax,piEE,0.01,0.014126898277593725,0.011885662908560768,11,9.376887413267672,43.00473194841883,505.15801440126825,False
0,parallax_detected,piEN,0.01,0.014126898277593725,0.011885662908560768,0,,,,False
0,parallax_detected,piEE,0.01,0.014126898277593725,0.011885662908560768,0,,,,False
1,confused_fspl_no_parallax,piEN,0.014126898277593725,0.019956925494548066,0.01679075508710068,26,1.5557949404824631,12.726558208816794,152.64212231413424,False
1,confused_fspl_no_parallax,piEE,0.014126898277593725,0.019956925494548066,0.01679075508710068,26,1.3533632418333421,12.994462188099188,242.00989197708543,False
1,parallax_detected,piEN,0.014126898277593725,0.019956925494548066,0.01679075508710068,1,0.49131460284729545,0.49131460284729545,0.49131460284729545,False
1,parallax_detected,piEE,0.014126898277593725,0.019956925494548066,0.01679075508710068,1,0.4280647390002368,0.4280647390002368,0.4280647390002368,False
2,confused_fspl_no_parallax,piEN,0.019956925494548066,0.028192945639499752,0.023720128911946078,73,0.8392163362070918,4.457235062026442,55.041116335774575,True
2,confused_fspl_no_parallax,piEE,0.019956925494548066,0.028192945639499752,0.023720128911946078,73,0.7043710317247627,4.365762502415432,69.89858616656659,True
2,parallax_detected,piEN,0.019956925494548066,0.028192945639499752,0.023720128911946078,7,0.12405586054568023,0.2853098295928681,0.4208435506801189,False
2,parallax_detected,piEE,0.019956925494548066,0.028192945639499752,0.023720128911946078,7,0.1270777479821181,0.34816864735046155,0.5289949982937454,False
3,confused_fspl_no_parallax,piEN,0.028192945639499752,0.03982788751949426,0.033509184827047234,177,1.1906858568791365,5.2620054686107585,40.25592532232318,True
3,confused_fspl_no_parallax,piEE,0.028192945639499752,0.03982788751949426,0.033509184827047234,177,1.125944941801597,5.046939197234191,52.80887142847376,True
3,parallax_detected,piEN,0.028192945639499752,0.03982788751949426,0.033509184827047234,46,0.10882739052577188,0.23662261530325324,0.8442468279018563,True
3,parallax_detected,piEE,0.028192945639499752,0.03982788751949426,0.033509184827047234,46,0.12355618530913703,0.25100643662486977,0.6143197142475731,True
4,confused_fspl_no_parallax,piEN,0.03982788751949426,0.056264451559934,0.04733808454167833,594,0.716316093223266,3.5739502517309427,21.49708417834949,True
4,confused_fspl_no_parallax,piEE,0.03982788751949426,0.056264451559934,0.04733808454167833,594,0.8250390997935886,3.9018214744743545,29.807064465731067,True
4,parallax_detected,piEN,0.03982788751949426,0.056264451559934,0.04733808454167833,244,0.07626073428331961,0.19565151391783792,0.4677407828131336,True
4,parallax_detected,piEE,0.03982788751949426,0.056264451559934,0.04733808454167833,244,0.07343840943327397,0.2091999596399422,0.48380963676149397,True
5,confused_fspl_no_parallax,piEN,0.056264451559934,0.07948421838317876,0.06687403049764219,1548,0.6582787927578814,2.7210212853808198,15.80182421550681,True
5,confused_fspl_no_parallax,piEE,0.056264451559934,0.07948421838317876,0.06687403049764219,1548,0.7546698692419361,3.122050610732585,20.265333776424722,True
5,parallax_detected,piEN,0.056264451559934,0.07948421838317876,0.06687403049764219,990,0.060442759082792404,0.18011679969974229,0.518035868362184,True
5,parallax_detected,piEE,0.056264451559934,0.07948421838317876,0.06687403049764219,990,0.06691891556149658,0.18867408921513287,0.5235205673666313,True
6,confused_fspl_no_parallax,piEN,0.07948421838317876,0.11228654677732122,0.09447226262528921,3404,0.5624025107597037,2.1754413269398323,12.919155832176104,True
6,confused_fspl_no_parallax,piEE,0.07948421838317876,0.11228654677732122,0.09447226262528921,3404,0.6437422017861606,2.398414538743419,16.10696579216445,True
6,parallax_detected,piEN,0.07948421838317876,0.11228654677732122,0.09447226262528921,3363,0.05257317708898409,0.16200109118127196,0.5053829312832298,True
6,parallax_detected,piEE,0.07948421838317876,0.11228654677732122,0.09447226262528921,3363,0.05984754485891647,0.17659212948287764,0.5228183916103235,True
7,confused_fspl_no_parallax,piEN,0.11228654677732122,0.15862606242654864,0.13346000441615807,6322,0.5467942453264316,2.015626238641854,11.028664231636593,True
7,confused_fspl_no_parallax,piEE,0.11228654677732122,0.15862606242654864,0.13346000441615807,6322,0.6110102341997642,2.170970686856287,12.374253998158755,True
7,parallax_detected,piEN,0.11228654677732122,0.15862606242654864,0.13346000441615807,8936,0.042910393576952206,0.15179507324222538,0.4890887581144153,True
7,parallax_detected,piEE,0.11228654677732122,0.15862606242654864,0.13346000441615807,8936,0.049239381695299164,0.16572360803052094,0.5264501803793521,True
8,confused_fspl_no_parallax,piEN,0.15862606242654864,0.22408942480750846,0.18853759065142744,10025,0.5273931249092145,1.831319086601067,10.0311166686237,True
8,confused_fspl_no_parallax,piEE,0.15862606242654864,0.22408942480750846,0.18853759065142744,10025,0.5811312317155134,1.9688503983220529,11.963747308158174,True
8,parallax_detected,piEN,0.15862606242654864,0.22408942480750846,0.18853759065142744,18215,0.03604074097236495,0.13885154504497096,0.4928034614769845,True
8,parallax_detected,piEE,0.15862606242654864,0.22408942480750846,0.18853759065142744,18215,0.041675521785567826,0.15500993617005485,0.5497399594401758,True
9,confused_fspl_no_parallax,piEN,0.22408942480750846,0.31656885093401615,0.26634513646353214,13603,0.5090287936578812,1.7290586346933023,9.799115148657885,True
9,confused_fspl_no_parallax,piEE,0.22408942480750846,0.31656885093401615,0.26634513646353214,13603,0.5631822837487628,1.9703099699934885,11.815182539175602,True
9,parallax_detected,piEN,0.22408942480750846,0.31656885093401615,0.26634513646353214,30301,0.03222865420023693,0.1353383323220035,0.5147345362459513,True
9,parallax_detected,piEE,0.22408942480750846,0.31656885093401615,0.26634513646353214,30301,0.03896742992976291,0.1514468952961877,0.5783898116660817,True
10,confused_fspl_no_parallax,piEN,0.31656885093401615,0.447213595499958,0.376263064955214,16285,0.4811921800960019,1.6679246150372813,10.366603124198036,True
10,confused_fspl_no_parallax,piEE,0.31656885093401615,0.447213595499958,0.376263064955214,16285,0.5569704273927535,1.9394870084609295,12.373888160833106,True
10,parallax_detected,piEN,0.31656885093401615,0.447213595499958,0.376263064955214,39582,0.03306888725588302,0.13996564922450694,0.5569442550630272,True
10,parallax_detected,piEE,0.31656885093401615,0.447213595499958,0.376263064955214,39582,0.040683568992735133,0.1606499482453533,0.6552498511215021,True
11,confused_fspl_no_parallax,piEN,0.447213595499958,0.6317740971984853,0.531543004423795,16550,0.45305239316865364,1.607023579808057,11.529461558915102,True
11,confused_fspl_no_parallax,piEE,0.447213595499958,0.6317740971984853,0.531543004423795,16550,0.5204421156449949,1.9025434238709473,13.953423483342014,True
11,parallax_detected,piEN,0.447213595499958,0.6317740971984853,0.531543004423795,43360,0.03650739703412696,0.14719432960320977,0.6402429510902722,True
11,parallax_detected,piEE,0.447213595499958,0.6317740971984853,0.531543004423795,43360,0.044121364237317905,0.17505457952419218,0.7583002354255136,True
12,confused_fspl_no_parallax,piEN,0.6317740971984853,0.8925008405541612,0.7509053953661503,13919,0.4251597150759314,1.588995021710999,13.245970653794231,True
12,confused_fspl_no_parallax,piEE,0.6317740971984853,0.8925008405541612,0.7509053953661503,13919,0.505224197973312,1.9915002829465716,15.842671112563423,True
12,parallax_detected,piEN,0.6317740971984853,0.8925008405541612,0.7509053953661503,37488,0.038699810405196954,0.15315562984729209,0.7318066455053921,True
12,parallax_detected,piEE,0.6317740971984853,0.8925008405541612,0.7509053953661503,37488,0.04527939743975538,0.18585887792878264,0.8852015757354917,True
13,confused_fspl_no_parallax,piEN,0.8925008405541612,1.2608268587175546,1.060796413643391,9680,0.4061581143414037,1.7139032226164173,20.941287895661098,True
13,confused_fspl_no_parallax,piEE,0.8925008405541612,1.2608268587175546,1.060796413643391,9680,0.5117677423663178,2.1258717332681165,24.058341597164002,True
13,parallax_detected,piEN,0.8925008405541612,1.2608268587175546,1.060796413643391,25291,0.037019842245248805,0.15178742150482347,0.8578334685397211,True
13,parallax_detected,piEE,0.8925008405541612,1.2608268587175546,1.060796413643391,25291,0.04310860420395574,0.18764503174271713,1.0487073320453728,True
14,confused_fspl_no_parallax,piEN,1.2608268587175546,1.781157277876093,1.4985763028776429,5036,0.36183664618684896,1.7271027686699876,26.296811284585292,True
14,confused_fspl_no_parallax,piEE,1.2608268587175546,1.781157277876093,1.4985763028776429,5036,0.5061595978410796,2.317674712437829,29.51007705095944,True
14,parallax_detected,piEN,1.2608268587175546,1.781157277876093,1.4985763028776429,13607,0.034630111253559394,0.14297113297340147,0.914483104440136,True
14,parallax_detected,piEE,1.2608268587175546,1.781157277876093,1.4985763028776429,13607,0.04308980048369255,0.18628393232306675,1.145699739041829,True
15,confused_fspl_no_parallax,piEN,1.781157277876093,2.5162227680951306,2.1170234991964945,2355,0.3228677185046314,1.7999982698408084,32.426089375812275,True
15,confused_fspl_no_parallax,piEE,1.781157277876093,2.5162227680951306,2.1170234991964945,2355,0.4547501851954884,2.375898998534676,36.92626217157278,True
15,parallax_detected,piEN,1.781157277876093,2.5162227680951306,2.1170234991964945,5694,0.03453907039103461,0.1393065804432252,1.0009534817262071,True
15,parallax_detected,piEE,1.781157277876093,2.5162227680951306,2.1170234991964945,5694,0.04220615567952176,0.18444310188984947,1.2620335646382876,True
16,confused_fspl_no_parallax,piEN,2.5162227680951306,3.5546423088645214,2.99069756244244,806,0.2950472663439751,1.6402026345772707,38.544031868810194,True
16,confused_fspl_no_parallax,piEE,2.5162227680951306,3.5546423088645214,2.99069756244244,806,0.4949747694568768,2.265268110483201,39.07064406536049,True
16,parallax_detected,piEN,2.5162227680951306,3.5546423088645214,2.99069756244244,1989,0.033804875271534626,0.12991513803515972,0.8536257153796954,True
16,parallax_detected,piEE,2.5162227680951306,3.5546423088645214,2.99069756244244,1989,0.04272139363784773,0.1765598067708252,1.2207482063862996,True
17,confused_fspl_no_parallax,piEN,3.5546423088645214,5.021607031055999,4.224928024367186,239,0.3236182065390642,1.1598730183519397,47.880562666655514,True
17,confused_fspl_no_parallax,piEE,3.5546423088645214,5.021607031055999,4.224928024367186,239,0.4939391178862894,2.0240130129317664,56.999584601437164,True
17,parallax_detected,piEN,3.5546423088645214,5.021607031055999,4.224928024367186,612,0.037540310108477595,0.13722834262140504,1.7124959281440808,True
17,parallax_detected,piEE,3.5546423088645214,5.021607031055999,4.224928024367186,612,0.047782812967979676,0.19632862508171456,1.479553387790353,True
18,confused_fspl_no_parallax,piEN,5.021607031055999,7.09397317177776,5.968512843039028,75,0.25169861056237885,0.9957726444858209,34.20678923816732,True
18,confused_fspl_no_parallax,piEE,5.021607031055999,7.09397317177776,5.968512843039028,75,0.2746817741545476,1.2236678238982774,31.136393440914773,True
18,parallax_detected,piEN,5.021607031055999,7.09397317177776,5.968512843039028,159,0.046088392179106694,0.17373558144427792,1.8038311938981,True
18,parallax_detected,piEE,5.021607031055999,7.09397317177776,5.968512843039028,159,0.050242934698380766,0.19831769411948288,2.052155867647459,True
19,confused_fspl_no_parallax,piEN,7.09397317177776,10.021583738168333,8.431657380212412,16,0.27090808693395635,2.853937343345054,19.580167352832532,False
19,confused_fspl_no_parallax,piEE,7.09397317177776,10.021583738168333,8.431657380212412,16,0.3222731322702773,1.9416602169431285,18.74752040748145,False
19,parallax_detected,piEN,7.09397317177776,10.021583738168333,8.431657380212412,33,0.06301828397908484,0.1785906463586495,1.1762301522654188,True
19,parallax_detected,piEE,7.09397317177776,10.021583738168333,8.431657380212412,33,0.07603310832796334,0.2940050575878478,1.4491928394192346,True
20,confused_fspl_no_parallax,piEN,10.021583738168333,14.157389404949152,11.911316612178315,3,0.24982086551522342,0.5016719358996818,0.5367517985285504,False
20,confused_fspl_no_parallax,piEE,10.021583738168333,14.157389404949152,11.911316612178315,3,0.5953410680880956,1.665006381415059,1.749729478143081,False
20,parallax_detected,piEN,10.021583738168333,14.157389404949152,11.911316612178315,2,1.6966376584582035,5.280996008730013,8.865354359001824,False
20,parallax_detected,piEE,10.021583738168333,14.157389404949152,11.911316612178315,2,6.656378005747459,20.714579966179727,34.772781926612,False
21,confused_fspl_no_parallax,piEN,14.157389404949152,20.0,16.826995813245542,0,,,,False
21,confused_fspl_no_parallax,piEE,14.157389404949152,20.0,16.826995813245542,0,,,,False
21,parallax_detected,piEN,14.157389404949152,20.0,16.826995813245542,1,5.656511146670291,5.656511146670291,5.656511146670291,False
21,parallax_detected,piEE,14.157389404949152,20.0,16.826995813245542,1,1.8996731371692344,1.8996731371692344,1.8996731371692344,False
