bin_index,delta_chi2_center,parameter_1,parameter_2,n_total,n_positive_definite,abs_corr_q16,abs_corr_median,abs_corr_q84
0,-11.43171382217007,t0,u0,5,4,0.04914801437301769,0.35654026873378497,0.8047962424899611
0,-11.43171382217007,t0,tE,5,4,0.5106952767817097,0.652511159195632,0.8432608822035933
0,-11.43171382217007,t0,rho,5,4,0.11180138766214427,0.19077594565008157,0.5423450045789989
0,-11.43171382217007,t0,piEN,5,4,0.8375962766335132,0.9099711962163599,0.9873660842964918
0,-11.43171382217007,t0,piEE,5,4,0.4105496754623161,0.7213504026577433,0.9852295111468069
0,-11.43171382217007,u0,tE,5,4,0.730147532984325,0.8497052136188552,0.9556841879733632
0,-11.43171382217007,u0,rho,5,4,0.43526434226112015,0.8950354476725699,0.9538073832652967
0,-11.43171382217007,u0,piEN,5,4,0.40795985552250624,0.5157270219735205,0.8165871968061653
0,-11.43171382217007,u0,piEE,5,4,0.6330881480758156,0.7934845321974309,0.9762150555578296
0,-11.43171382217007,tE,rho,5,4,0.3760347045536504,0.7897289799809626,0.8710991166411456
0,-11.43171382217007,tE,piEN,5,4,0.17323407795971002,0.3107707515461229,0.7107416262393509
0,-11.43171382217007,tE,piEE,5,4,0.6583090845689423,0.9130315019820866,0.9554773275797163
0,-11.43171382217007,rho,piEN,5,4,0.13936444990306673,0.18150802961251433,0.5739206226985981
0,-11.43171382217007,rho,piEE,5,4,0.13493340068708276,0.4086668784522284,0.7834614269225021
0,-11.43171382217007,piEN,piEE,5,4,0.1338302437811314,0.5896341940059189,0.9996677908957544
1,-7.38676669653063,t0,u0,22,15,0.19043301121629672,0.66089896430277,0.8674451780915445
1,-7.38676669653063,t0,tE,22,15,0.23350495955128497,0.6132855849315973,0.8604113918068602
1,-7.38676669653063,t0,rho,22,15,0.10899359374495819,0.3860625870724187,0.8837920571341618
1,-7.38676669653063,t0,piEN,22,15,0.32502816122413086,0.6726148304889336,0.9351831607517439
1,-7.38676669653063,t0,piEE,22,15,0.17893578089446574,0.8107964324440208,0.9921399256331276
1,-7.38676669653063,u0,tE,22,15,0.47272773415055247,0.707580474210764,0.975700643494754
1,-7.38676669653063,u0,rho,22,15,0.14605403179236276,0.6993094880915295,0.9706005718772209
1,-7.38676669653063,u0,piEN,22,15,0.4189790629260075,0.8245109937261177,0.9478200317960941
1,-7.38676669653063,u0,piEE,22,15,0.3756641399109383,0.8432768621026303,0.9713578197275519
1,-7.38676669653063,tE,rho,22,15,0.11700019641634965,0.7027464561194389,0.8291576271003356
1,-7.38676669653063,tE,piEN,22,15,0.2421964646011165,0.571712923609639,0.9168745855195904
1,-7.38676669653063,tE,piEE,22,15,0.18284713245811263,0.4764453259678103,0.9677572321327907
1,-7.38676669653063,rho,piEN,22,15,0.28691623657271886,0.6574064359279526,0.8521434174160409
1,-7.38676669653063,rho,piEE,22,15,0.18365658598878384,0.6114153505093542,0.9190717075361948
1,-7.38676669653063,piEN,piEE,22,15,0.662934672011984,0.8244359236256824,0.9674977997551196
2,-4.657937162018517,t0,u0,87,74,0.16322725584725534,0.677395021171377,0.9422139810026217
2,-4.657937162018517,t0,tE,87,74,0.1542381509152142,0.6684724130449325,0.9422784533198798
2,-4.657937162018517,t0,rho,87,74,0.1130872049274321,0.40306616118650085,0.9027663194299249
2,-4.657937162018517,t0,piEN,87,74,0.15357505117755246,0.7648825991896682,0.9810677997069082
2,-4.657937162018517,t0,piEE,87,74,0.14485344936858854,0.6419412348331592,0.9848281077115257
2,-4.657937162018517,u0,tE,87,74,0.30853476323807844,0.7735195247641324,0.9760924061545218
2,-4.657937162018517,u0,rho,87,74,0.22242950264670616,0.6755973132855189,0.9880878582146148
2,-4.657937162018517,u0,piEN,87,74,0.2903861691680993,0.738431323188962,0.9768238727672588
2,-4.657937162018517,u0,piEE,87,74,0.25240997249108454,0.6921163704356021,0.9694594848042353
2,-4.657937162018517,tE,rho,87,74,0.1487236293736214,0.4734106028250952,0.9099395616843469
2,-4.657937162018517,tE,piEN,87,74,0.26752761438464134,0.7715205123342317,0.9762442116481671
2,-4.657937162018517,tE,piEE,87,74,0.2803876828802081,0.8613375888557326,0.9868706211428089
2,-4.657937162018517,rho,piEN,87,74,0.15728319517383146,0.49757056055020876,0.8857055199304782
2,-4.657937162018517,rho,piEE,87,74,0.1113621592714216,0.48383971018292726,0.895151019157716
2,-4.657937162018517,piEN,piEE,87,74,0.5124186251313237,0.9165182925970118,0.995166236597805
3,-2.81699576102346,t0,u0,214,182,0.14412347203555273,0.5567380185395046,0.946974714127308
3,-2.81699576102346,t0,tE,214,182,0.1487285989177977,0.5833132777975225,0.9262009665448717
3,-2.81699576102346,t0,rho,214,182,0.09035497856557573,0.4544627210155432,0.8227487240562437
3,-2.81699576102346,t0,piEN,214,182,0.2854415214364145,0.8030071423810146,0.9892385232376228
3,-2.81699576102346,t0,piEE,214,182,0.21669200679004508,0.7708120624723862,0.9825859540451267
3,-2.81699576102346,u0,tE,214,182,0.39566645911003856,0.8500016802235053,0.9860958998456328
3,-2.81699576102346,u0,rho,214,182,0.2763916313856502,0.804259406049454,0.9905567316297219
3,-2.81699576102346,u0,piEN,214,182,0.248241941477766,0.764160397866172,0.9735077479613614
3,-2.81699576102346,u0,piEE,214,182,0.22931268791749546,0.7876822791947449,0.9666682590776762
3,-2.81699576102346,tE,rho,214,182,0.17407156200962567,0.5869076200334185,0.9146329995136884
3,-2.81699576102346,tE,piEN,214,182,0.3154491213950913,0.8143742415483184,0.968300134825085
3,-2.81699576102346,tE,piEE,214,182,0.26463602525724744,0.759964757063893,0.9790879385644311
3,-2.81699576102346,rho,piEN,214,182,0.18200031819965456,0.5363366030818257,0.8906399171105935
3,-2.81699576102346,rho,piEE,214,182,0.16683876519837823,0.545934031821559,0.8766268559504137
3,-2.81699576102346,piEN,piEE,214,182,0.2779942923616018,0.891348854509542,0.9945616432511976
4,-1.5750474461744086,t0,u0,359,309,0.167541491823723,0.64102518347719,0.9270888047721477
4,-1.5750474461744086,t0,tE,359,309,0.1613153115835205,0.6080349874608584,0.911491704907592
4,-1.5750474461744086,t0,rho,359,309,0.1007572933946243,0.4677458564251853,0.88739980897393
4,-1.5750474461744086,t0,piEN,359,309,0.2248816192148911,0.7126788017626678,0.9709771346508678
4,-1.5750474461744086,t0,piEE,359,309,0.2053650047319824,0.7774538790106503,0.9788078416090521
4,-1.5750474461744086,u0,tE,359,309,0.32570637133027214,0.8316710046351228,0.9900185313929025
4,-1.5750474461744086,u0,rho,359,309,0.2900262042997428,0.815749836780864,0.9958086066730324
4,-1.5750474461744086,u0,piEN,359,309,0.3310256190952946,0.7675084248968659,0.9828878818102088
4,-1.5750474461744086,u0,piEE,359,309,0.3216964145653304,0.7554260688731976,0.9805497799873837
4,-1.5750474461744086,tE,rho,359,309,0.18057331327722054,0.6227451246833886,0.946500764569996
4,-1.5750474461744086,tE,piEN,359,309,0.2676385077987981,0.7479324296045053,0.9773081166860388
4,-1.5750474461744086,tE,piEE,359,309,0.35205766693642854,0.8025615511952857,0.9782029600252561
4,-1.5750474461744086,rho,piEN,359,309,0.212453616395958,0.6017284022249381,0.9398598427034824
4,-1.5750474461744086,rho,piEE,359,309,0.18706954829282235,0.5627388150125371,0.9291770577346532
4,-1.5750474461744086,piEN,piEE,359,309,0.37703981630134414,0.8632061132369274,0.9924035845997595
5,-0.7371958904851899,t0,u0,649,568,0.2017191693632241,0.6335746202797663,0.9350488543173774
5,-0.7371958904851899,t0,tE,649,568,0.22636018632349214,0.6261002981964514,0.9324204534765078
5,-0.7371958904851899,t0,rho,649,568,0.12048783406328235,0.47214244148754897,0.8590749063145792
5,-0.7371958904851899,t0,piEN,649,568,0.24282631507971836,0.758018080716899,0.9888853856955597
5,-0.7371958904851899,t0,piEE,649,568,0.2734925668912721,0.7524512558379621,0.9875892337055243
5,-0.7371958904851899,u0,tE,649,568,0.3261308044293671,0.8212643731238154,0.9878260883461598
5,-0.7371958904851899,u0,rho,649,568,0.27172643192309,0.760344833658434,0.9888228835426132
5,-0.7371958904851899,u0,piEN,649,568,0.3306505323744567,0.7497535219443581,0.9717534153343725
5,-0.7371958904851899,u0,piEE,649,568,0.29925700757443635,0.7798492292829711,0.9676918274451595
5,-0.7371958904851899,tE,rho,649,568,0.18233988450484306,0.5916155619922916,0.9208511049882157
5,-0.7371958904851899,tE,piEN,649,568,0.3192610813837027,0.7824731613029785,0.9711361461885648
5,-0.7371958904851899,tE,piEE,649,568,0.3202207393808003,0.7976112228561614,0.9813030946309301
5,-0.7371958904851899,rho,piEN,649,568,0.14114026713420794,0.5379964634463685,0.8875741914761586
5,-0.7371958904851899,rho,piEE,649,568,0.14542384324665894,0.5514836372826487,0.882826613237136
5,-0.7371958904851899,piEN,piEE,649,568,0.4436683909952069,0.8783649770153327,0.9921073598476114
6,-0.17195881823539483,t0,u0,2819,2517,0.15913362076689672,0.6016472764344266,0.9351175516488345
6,-0.17195881823539483,t0,tE,2819,2517,0.15335503136954406,0.6216128533383534,0.9471835333531531
6,-0.17195881823539483,t0,rho,2819,2517,0.08213661321756503,0.40369659171339467,0.8505738514123731
6,-0.17195881823539483,t0,piEN,2819,2517,0.17055442337851592,0.6615434789662588,0.9706835085526825
6,-0.17195881823539483,t0,piEE,2819,2517,0.16037082030047667,0.6679195944520947,0.9700891708825672
6,-0.17195881823539483,u0,tE,2819,2517,0.4186307556220109,0.9077138512911642,0.9960359386336805
6,-0.17195881823539483,u0,rho,2819,2517,0.22573667881401094,0.7066359513220147,0.9841815712016186
6,-0.17195881823539483,u0,piEN,2819,2517,0.2920137909489667,0.7767387892418187,0.9773713000649775
6,-0.17195881823539483,u0,piEE,2819,2517,0.30079203439461677,0.7775961273357107,0.9737058920478129
6,-0.17195881823539483,tE,rho,2819,2517,0.15011699045653257,0.5135506036634239,0.9087881939539151
6,-0.17195881823539483,tE,piEN,2819,2517,0.3525515846595799,0.81411436793546,0.98362854495168
6,-0.17195881823539483,tE,piEE,2819,2517,0.3517758466006249,0.843840858575014,0.9851462560739875
6,-0.17195881823539483,rho,piEN,2819,2517,0.14201940377670685,0.498111331263861,0.8695357297633426
6,-0.17195881823539483,rho,piEE,2819,2517,0.14020576944232446,0.49667737329955286,0.8731717576389795
6,-0.17195881823539483,piEN,piEE,2819,2517,0.3487444482137718,0.8408315053278904,0.9840466890568575
7,0.26480650632457703,t0,u0,12407,11808,0.16606318741607018,0.5918521255411076,0.9358134586483821
7,0.26480650632457703,t0,tE,12407,11808,0.17476071010008593,0.6138522374352715,0.9420731617202903
7,0.26480650632457703,t0,rho,12407,11808,0.08969898319039916,0.38117289862712733,0.8205740302397593
7,0.26480650632457703,t0,piEN,12407,11808,0.1555660904673589,0.5657900995391294,0.9330382617603293
7,0.26480650632457703,t0,piEE,12407,11808,0.1505492706712527,0.5825135737403501,0.9432512887527551
7,0.26480650632457703,u0,tE,12407,11808,0.47600279662313566,0.9193032953215389,0.9967091186253972
7,0.26480650632457703,u0,rho,12407,11808,0.22118832726546298,0.725501906733017,0.9890805977758502
7,0.26480650632457703,u0,piEN,12407,11808,0.28812789704484815,0.7462510424769189,0.9696483161865728
7,0.26480650632457703,u0,piEE,12407,11808,0.2699532981209634,0.7289449097287226,0.9663523204684268
7,0.26480650632457703,tE,rho,12407,11808,0.14580609623512555,0.4941537437524052,0.8822747785179017
7,0.26480650632457703,tE,piEN,12407,11808,0.3802739761719718,0.8323833485834173,0.9835619038792012
7,0.26480650632457703,tE,piEE,12407,11808,0.3864762139761489,0.8393280950426476,0.9830500163531822
7,0.26480650632457703,rho,piEN,12407,11808,0.1388599261705753,0.4762259594003678,0.8603644454951499
7,0.26480650632457703,rho,piEE,12407,11808,0.12987861635518663,0.4681130795030033,0.8423010340034064
7,0.26480650632457703,piEN,piEE,12407,11808,0.3625586310725509,0.8426341714134575,0.9813997203081655
8,0.8748241242421044,t0,u0,13976,13529,0.1619695122529919,0.5860153541051611,0.9328901639678578
8,0.8748241242421044,t0,tE,13976,13529,0.16962683562070546,0.5941599609336661,0.9334295210237075
8,0.8748241242421044,t0,rho,13976,13529,0.09270177257721557,0.38654614426181116,0.8278923836844924
8,0.8748241242421044,t0,piEN,13976,13529,0.1558650987656405,0.5642869214507731,0.9300598953724503
8,0.8748241242421044,t0,piEE,13976,13529,0.15789137866883593,0.5717236885204096,0.9320261304434245
8,0.8748241242421044,u0,tE,13976,13529,0.46192964254391916,0.9176170255872101,0.9964361150722777
8,0.8748241242421044,u0,rho,13976,13529,0.2470995862093167,0.7677748961339983,0.993318925938436
8,0.8748241242421044,u0,piEN,13976,13529,0.27595430805716487,0.7438756223691948,0.969218717579021
8,0.8748241242421044,u0,piEE,13976,13529,0.26558634105344825,0.7237600016841866,0.9655569926653076
8,0.8748241242421044,tE,rho,13976,13529,0.15438396036282112,0.5102478068503103,0.8983015930607006
8,0.8748241242421044,tE,piEN,13976,13529,0.3783414570522007,0.8303967243234419,0.9816040059571013
8,0.8748241242421044,tE,piEE,13976,13529,0.38142526368911067,0.8352712087434407,0.9812628128080011
8,0.8748241242421044,rho,piEN,13976,13529,0.13755288006402455,0.48180696904365977,0.8605583533784725
8,0.8748241242421044,rho,piEE,13976,13529,0.13817574002519084,0.4746344586262461,0.8498900990194855
8,0.8748241242421044,piEN,piEE,13976,13529,0.35432715749343974,0.8258693115367987,0.9796665198468915
9,1.7790539337549522,t0,u0,15668,15276,0.1640170135280548,0.5666436739169087,0.9222949572109234
9,1.7790539337549522,t0,tE,15668,15276,0.17123373277700704,0.5827882682824592,0.9304653470965205
9,1.7790539337549522,t0,rho,15668,15276,0.09765740964554782,0.39422485641921967,0.8328987643161407
9,1.7790539337549522,t0,piEN,15668,15276,0.15834576658107713,0.5506893924541929,0.9257540301343494
9,1.7790539337549522,t0,piEE,15668,15276,0.15593625681723125,0.5609962433987472,0.9276174532212774
9,1.7790539337549522,u0,tE,15668,15276,0.4614246490403305,0.9114366158182439,0.9963526101373638
9,1.7790539337549522,u0,rho,15668,15276,0.2560733240835401,0.7847679917860825,0.9941934605275679
9,1.7790539337549522,u0,piEN,15668,15276,0.26469829562427727,0.727036919743248,0.9692487131626792
9,1.7790539337549522,u0,piEE,15668,15276,0.25149776623986825,0.717463458965096,0.9641572631083516
9,1.7790539337549522,tE,rho,15668,15276,0.15826343106181037,0.5266180392957827,0.9087663220308434
9,1.7790539337549522,tE,piEN,15668,15276,0.35405064845350565,0.8223745718836708,0.9812390328072095
9,1.7790539337549522,tE,piEE,15668,15276,0.3733801904190681,0.83308698148836,0.9810508955408321
9,1.7790539337549522,rho,piEN,15668,15276,0.13615234567764686,0.47896507234378316,0.8621445483011845
9,1.7790539337549522,rho,piEE,15668,15276,0.1340301430138022,0.4792599984933353,0.8525129629835536
9,1.7790539337549522,piEN,piEE,15668,15276,0.32986358020076334,0.8106825166149312,0.9778101150212815
10,3.119394809814998,t0,u0,16584,16230,0.16512137330586707,0.5673162152559307,0.9200079844861856
10,3.119394809814998,t0,tE,16584,16230,0.17430395725416148,0.5736529060954648,0.9255815664001983
10,3.119394809814998,t0,rho,16584,16230,0.10150024188300215,0.3979159038864726,0.8369952040856184
10,3.119394809814998,t0,piEN,16584,16230,0.15778436940291024,0.5419744200851822,0.9215572069672978
10,3.119394809814998,t0,piEE,16584,16230,0.15777234643554777,0.5530461303801757,0.924876595455692
10,3.119394809814998,u0,tE,16584,16230,0.4542964366576778,0.9159442122862663,0.9965843749533921
10,3.119394809814998,u0,rho,16584,16230,0.2531951764065728,0.7829062198240797,0.9938404389392939
10,3.119394809814998,u0,piEN,16584,16230,0.2625760400677808,0.7374186380351326,0.9694899087600926
10,3.119394809814998,u0,piEE,16584,16230,0.25457252103202094,0.720428949495008,0.9665345151802059
10,3.119394809814998,tE,rho,16584,16230,0.1582634344608262,0.524900090159087,0.9135525718074505
10,3.119394809814998,tE,piEN,16584,16230,0.368051943836988,0.8282814882910892,0.9803128027230184
10,3.119394809814998,tE,piEE,16584,16230,0.37694866278958306,0.831878548769261,0.9819414191557453
10,3.119394809814998,rho,piEN,16584,16230,0.13852413744966352,0.47790844055204007,0.8626050009111184
10,3.119394809814998,rho,piEE,16584,16230,0.1401307851809658,0.47393366342294996,0.8514622544145815
10,3.119394809814998,piEN,piEE,16584,16230,0.33351142800724237,0.8054131692468618,0.9755383185748029
11,5.106183616307982,t0,u0,16155,15886,0.1576403056293451,0.5518254847788966,0.9124188350244404
11,5.106183616307982,t0,tE,16155,15886,0.1772265201757961,0.565739326494805,0.9194021938525458
11,5.106183616307982,t0,rho,16155,15886,0.09949144371191129,0.3853886911300104,0.8285134542653958
11,5.106183616307982,t0,piEN,16155,15886,0.16193345774677192,0.536321971211835,0.9119460026578529
11,5.106183616307982,t0,piEE,16155,15886,0.16289835055549381,0.5516672955325348,0.9209606328817438
11,5.106183616307982,u0,tE,16155,15886,0.4621385851508978,0.9145092890633553,0.9967606987556772
11,5.106183616307982,u0,rho,16155,15886,0.24426082409137626,0.7570123645571935,0.9920334640556319
11,5.106183616307982,u0,piEN,16155,15886,0.2654109610736503,0.738284978440013,0.9686666328867146
11,5.106183616307982,u0,piEE,16155,15886,0.26211123082729637,0.7205883850063695,0.9653556195008576
11,5.106183616307982,tE,rho,16155,15886,0.1505825636797921,0.5153963660893375,0.8990895679219001
11,5.106183616307982,tE,piEN,16155,15886,0.35912095258295124,0.827076453647657,0.979019786657787
11,5.106183616307982,tE,piEE,16155,15886,0.3691728374348788,0.831183460565651,0.9812542137989888
11,5.106183616307982,rho,piEN,16155,15886,0.13159535572067893,0.46947437323383956,0.8518631604615442
11,5.106183616307982,rho,piEE,16155,15886,0.13398733425033613,0.47504247763959995,0.8473178418845677
11,5.106183616307982,piEN,piEE,16155,15886,0.3300653654369114,0.7992428552950233,0.9742718853447109
12,8.05120292602945,t0,u0,15326,15126,0.15982920786192578,0.5506548751053064,0.9136387291602829
12,8.05120292602945,t0,tE,15326,15126,0.1717376264706319,0.5622686482283217,0.917053937201638
12,8.05120292602945,t0,rho,15326,15126,0.10012862713627128,0.37592636387838696,0.8084817718685239
12,8.05120292602945,t0,piEN,15326,15126,0.15947544249399917,0.5343679196661179,0.9150796691755263
12,8.05120292602945,t0,piEE,15326,15126,0.15942380957535937,0.5427415263298041,0.9162310215685243
12,8.05120292602945,u0,tE,15326,15126,0.44870526704229335,0.9111350650637967,0.9967652708921213
12,8.05120292602945,u0,rho,15326,15126,0.23409297619315828,0.7331904521221121,0.9897552440199534
12,8.05120292602945,u0,piEN,15326,15126,0.2669614650457239,0.7368330958839304,0.9701316483500374
12,8.05120292602945,u0,piEE,15326,15126,0.2521174036574414,0.7171361859614748,0.9664040793791249
12,8.05120292602945,tE,rho,15326,15126,0.14561493213318158,0.4961321031703513,0.881739263976779
12,8.05120292602945,tE,piEN,15326,15126,0.3609573812721335,0.8224828055100395,0.9775013255199022
12,8.05120292602945,tE,piEE,15326,15126,0.3731628855948495,0.8275458669705174,0.9796791617226022
12,8.05120292602945,rho,piEN,15326,15126,0.13045587908218184,0.46278480038719016,0.8486915471837851
12,8.05120292602945,rho,piEE,15326,15126,0.13114534211311754,0.4601937042336005,0.8388856597141776
12,8.05120292602945,piEN,piEE,15326,15126,0.3256010481959274,0.7919681503384894,0.9712433629273756
13,12.416608401582662,t0,u0,14661,14475,0.1633155023859327,0.5390053070793891,0.8968980436371013
13,12.416608401582662,t0,tE,14661,14475,0.168976644196208,0.5464236830103182,0.8971395455001497
13,12.416608401582662,t0,rho,14661,14475,0.09493355407805662,0.3595028740177755,0.7825524290241369
13,12.416608401582662,t0,piEN,14661,14475,0.163737836244239,0.5332498367268574,0.9040013474124489
13,12.416608401582662,t0,piEE,14661,14475,0.16092941043298023,0.538849721928674,0.9129902528665154
13,12.416608401582662,u0,tE,14661,14475,0.45714523826905673,0.9150402416220129,0.9965756208174054
13,12.416608401582662,u0,rho,14661,14475,0.22339631296778012,0.6965077338783954,0.9850435511947601
13,12.416608401582662,u0,piEN,14661,14475,0.2657285716490154,0.7343610213936538,0.966540361743936
13,12.416608401582662,u0,piEE,14661,14475,0.2552355874835216,0.7231460475417061,0.9649012084388644
13,12.416608401582662,tE,rho,14661,14475,0.14214544637322044,0.48020564345864575,0.8618474129326393
13,12.416608401582662,tE,piEN,14661,14475,0.35617559329159754,0.8134644957183778,0.9745208551254414
13,12.416608401582662,tE,piEE,14661,14475,0.3634378932483754,0.8240716569927542,0.977876881557377
13,12.416608401582662,rho,piEN,14661,14475,0.13172520287511408,0.44884229054967556,0.8341904289608111
13,12.416608401582662,rho,piEE,14661,14475,0.12732122273097815,0.44507217135864907,0.8296805961193716
13,12.416608401582662,piEN,piEE,14661,14475,0.3210586581648281,0.780553887821604,0.9683456637076971
14,18.8874539077849,t0,u0,14507,14382,0.15243901862091214,0.5190442417724533,0.8895200987781906
14,18.8874539077849,t0,tE,14507,14382,0.16228266370070293,0.5316805844390308,0.8940755492571002
14,18.8874539077849,t0,rho,14507,14382,0.0918017285250228,0.34239299686862557,0.7631248253224161
14,18.8874539077849,t0,piEN,14507,14382,0.16203062153000647,0.5275135892816344,0.9071307332268206
14,18.8874539077849,t0,piEE,14507,14382,0.15827785017885543,0.5339086706093794,0.902751950595616
14,18.8874539077849,u0,tE,14507,14382,0.46418378248155545,0.9119826583748077,0.9965622759730136
14,18.8874539077849,u0,rho,14507,14382,0.21613930865806916,0.6735657930811634,0.9811015887406149
14,18.8874539077849,u0,piEN,14507,14382,0.2598715329421056,0.7279516696575076,0.9660939036071511
14,18.8874539077849,u0,piEE,14507,14382,0.259319469909153,0.7162548565964112,0.9642141959534588
14,18.8874539077849,tE,rho,14507,14382,0.14444939669350793,0.47846215780277696,0.8553005253097177
14,18.8874539077849,tE,piEN,14507,14382,0.3434107273868341,0.8050227697888839,0.9736557449229373
14,18.8874539077849,tE,piEE,14507,14382,0.3507152128465683,0.817868879991315,0.9762574179722399
14,18.8874539077849,rho,piEN,14507,14382,0.13538233413953438,0.4458911268002719,0.8229920161787733
14,18.8874539077849,rho,piEE,14507,14382,0.13550440463287222,0.4536417086367342,0.820893079769842
14,18.8874539077849,piEN,piEE,14507,14382,0.30551981373159337,0.7665098740127114,0.9677186339097346
15,28.479195568353415,t0,u0,14846,14712,0.15444264405502628,0.5213275262792337,0.8819337483911037
15,28.479195568353415,t0,tE,14846,14712,0.1745746596866262,0.5387905710889866,0.8843075369053923
15,28.479195568353415,t0,rho,14846,14712,0.0921537031577149,0.33286955892559883,0.752668647617173
15,28.479195568353415,t0,piEN,14846,14712,0.16900972654061377,0.528926287998347,0.9002475888207799
15,28.479195568353415,t0,piEE,14846,14712,0.17362198234020298,0.5422173300777091,0.8979251536501953
15,28.479195568353415,u0,tE,14846,14712,0.4522477933671615,0.9090490013558328,0.9962979416847099
15,28.479195568353415,u0,rho,14846,14712,0.21050177447426643,0.6567055008515192,0.9763683057243558
15,28.479195568353415,u0,piEN,14846,14712,0.2692934781859677,0.7316295238737159,0.9631671148865081
15,28.479195568353415,u0,piEE,14846,14712,0.25984510098870417,0.7158023744889042,0.963078047845966
15,28.479195568353415,tE,rho,14846,14712,0.13699484090768507,0.473638441253297,0.8388032733248814
15,28.479195568353415,tE,piEN,14846,14712,0.35092738486797426,0.8128055133294303,0.9737457625278808
15,28.479195568353415,tE,piEE,14846,14712,0.36222564477709096,0.8176474421029635,0.9756781405640398
15,28.479195568353415,rho,piEN,14846,14712,0.12731751593528534,0.43576914928439303,0.8145325583240015
15,28.479195568353415,rho,piEE,14846,14712,0.13289286776964024,0.4506601544670029,0.8078572354865352
15,28.479195568353415,piEN,piEE,14846,14712,0.3016263703691103,0.7620474787298306,0.9647113449999509
16,42.69704515151887,t0,u0,15005,14903,0.15762201522751318,0.507300613662754,0.8663407582188254
16,42.69704515151887,t0,tE,15005,14903,0.16761673761215742,0.5245320155309587,0.8707301633624208
16,42.69704515151887,t0,rho,15005,14903,0.09576400961105215,0.3275321946120784,0.7312455370590556
16,42.69704515151887,t0,piEN,15005,14903,0.1613242414835365,0.5172016170644685,0.8873243618920663
16,42.69704515151887,t0,piEE,15005,14903,0.16544185694854693,0.5235204855687607,0.8851447273369366
16,42.69704515151887,u0,tE,15005,14903,0.4551645391710233,0.9056798050394181,0.9959533192466475
16,42.69704515151887,u0,rho,15005,14903,0.21202456489004193,0.6480236880134838,0.9714413411136715
16,42.69704515151887,u0,piEN,15005,14903,0.2672190350012171,0.7239152680687301,0.9616809765710416
16,42.69704515151887,u0,piEE,15005,14903,0.25852143775431524,0.7192422583647071,0.9600121382299912
16,42.69704515151887,tE,rho,15005,14903,0.14194331391461637,0.4656348143181898,0.8379491818574628
16,42.69704515151887,tE,piEN,15005,14903,0.3442781365761742,0.804027018465181,0.9713422965241966
16,42.69704515151887,tE,piEE,15005,14903,0.3595110490402101,0.8139223844484788,0.9744419151520325
16,42.69704515151887,rho,piEN,15005,14903,0.1279073509818976,0.4449089896516999,0.8136245890383523
16,42.69704515151887,rho,piEE,15005,14903,0.1353315471500157,0.4569675076538661,0.8139531856679852
16,42.69704515151887,piEN,piEE,15005,14903,0.29733597407826723,0.7569141221277298,0.963775514401433
17,63.772179774935864,t0,u0,14915,14830,0.15155267566709613,0.5100025380863074,0.8641626610449245
17,63.772179774935864,t0,tE,14915,14830,0.16101682398043368,0.5180196317128662,0.8694335418763268
17,63.772179774935864,t0,rho,14915,14830,0.09071680602913104,0.3251108237826512,0.7265076705608141
17,63.772179774935864,t0,piEN,14915,14830,0.1578829024740337,0.5082964997506487,0.886801388127467
17,63.772179774935864,t0,piEE,14915,14830,0.15990088587261658,0.5193269328161652,0.8857042560663054
17,63.772179774935864,u0,tE,14915,14830,0.44999760150648266,0.9017310517290781,0.9958841972413932
17,63.772179774935864,u0,rho,14915,14830,0.2118627386645324,0.6386875988448462,0.9667812919430612
17,63.772179774935864,u0,piEN,14915,14830,0.25658778415665584,0.7229516840870496,0.9632257510087908
17,63.772179774935864,u0,piEE,14915,14830,0.26181660423165465,0.7180436783382897,0.9612794072818573
17,63.772179774935864,tE,rho,14915,14830,0.1415550823449588,0.4700193746435346,0.8300417002344935
17,63.772179774935864,tE,piEN,14915,14830,0.35783994806013103,0.8090230770456357,0.9714906743446016
17,63.772179774935864,tE,piEE,14915,14830,0.3638932424145307,0.8148910116143269,0.9740190308408531
17,63.772179774935864,rho,piEN,14915,14830,0.13105734069691516,0.4382719950245503,0.8084661979756187
17,63.772179774935864,rho,piEE,14915,14830,0.13421173661655536,0.45696562394552703,0.8093255395069363
17,63.772179774935864,piEN,piEE,14915,14830,0.2872981554550863,0.7517585342414719,0.9617776667174404
18,95.01187582018416,t0,u0,15142,15079,0.1548701966961638,0.5018083317231165,0.8545090291887294
18,95.01187582018416,t0,tE,15142,15079,0.161201988544564,0.5166130305264969,0.8618096468752461
18,95.01187582018416,t0,rho,15142,15079,0.09129050353281082,0.32011299685956024,0.7109117648046669
18,95.01187582018416,t0,piEN,15142,15079,0.15955260325672357,0.5101791729808524,0.8762553966303779
18,95.01187582018416,t0,piEE,15142,15079,0.16234133635623596,0.5165558501231484,0.8738060171217351
18,95.01187582018416,u0,tE,15142,15079,0.44646204551299834,0.9016340290138464,0.9953660784263378
18,95.01187582018416,u0,rho,15142,15079,0.20823294891547073,0.6292363790081634,0.9619726965938108
18,95.01187582018416,u0,piEN,15142,15079,0.25539725903151655,0.7297789190013072,0.961913055303072
18,95.01187582018416,u0,piEE,15142,15079,0.2596978639065611,0.7158672288416715,0.9581277446134229
18,95.01187582018416,tE,rho,15142,15079,0.14074487599235402,0.4638471438973779,0.8273361693954331
18,95.01187582018416,tE,piEN,15142,15079,0.34382413047845894,0.8108082378005627,0.9702116685781914
18,95.01187582018416,tE,piEE,15142,15079,0.3587632504339066,0.8159563268044745,0.9735181157932751
18,95.01187582018416,rho,piEN,15142,15079,0.13406172166621386,0.4481857223329939,0.8067112289105914
18,95.01187582018416,rho,piEE,15142,15079,0.13676916820599588,0.46433046707928327,0.8121463107865099
18,95.01187582018416,piEN,piEE,15142,15079,0.29872639779969845,0.7453872605739897,0.9583348793704254
19,141.31851283284362,t0,u0,14767,14705,0.1462586665928953,0.5003183515454421,0.8506922648841143
19,141.31851283284362,t0,tE,14767,14705,0.1541116539947781,0.5046844714883181,0.8570075228894528
19,141.31851283284362,t0,rho,14767,14705,0.08909814125579846,0.31191319714735394,0.6901536842388892
19,141.31851283284362,t0,piEN,14767,14705,0.15565542330380763,0.5010780067471516,0.8720896576697019
19,141.31851283284362,t0,piEE,14767,14705,0.1620353761687881,0.5058802507513506,0.8666484211055439
19,141.31851283284362,u0,tE,14767,14705,0.44489731685333966,0.8972008408123003,0.9951507506121419
19,141.31851283284362,u0,rho,14767,14705,0.21332776556169894,0.6214529889057456,0.9520611290021902
19,141.31851283284362,u0,piEN,14767,14705,0.262748610055585,0.7277954117556082,0.962482367433122
19,141.31851283284362,u0,piEE,14767,14705,0.2612934738066579,0.7201626342174888,0.9619258890240574
19,141.31851283284362,tE,rho,14767,14705,0.14512088491566477,0.46815636353315215,0.8150238169881955
19,141.31851283284362,tE,piEN,14767,14705,0.34523781702342216,0.8101811819778633,0.9700636789041551
19,141.31851283284362,tE,piEE,14767,14705,0.3570604989708397,0.818957036719874,0.9753702513569019
19,141.31851283284362,rho,piEN,14767,14705,0.13505099774374069,0.4500136578602465,0.8040001224693198
19,141.31851283284362,rho,piEE,14767,14705,0.14259654258387963,0.4667252753441062,0.8087155654381118
19,141.31851283284362,piEN,piEE,14767,14705,0.28578183147829994,0.7398941511299192,0.9559950254425723
20,209.9588935944345,t0,u0,14669,14626,0.14608146835120991,0.49131327241216105,0.831301390879802
20,209.9588935944345,t0,tE,14669,14626,0.151733340061575,0.4940196763527867,0.8390348361105153
20,209.9588935944345,t0,rho,14669,14626,0.08634658122501497,0.30379639910228573,0.6740049483603555
20,209.9588935944345,t0,piEN,14669,14626,0.15695279670719664,0.48758298359517294,0.86115975354342
20,209.9588935944345,t0,piEE,14669,14626,0.16095761327389013,0.49339257785465274,0.8569868608052474
20,209.9588935944345,u0,tE,14669,14626,0.445601022681517,0.8970660530188752,0.9943905519890675
20,209.9588935944345,u0,rho,14669,14626,0.20198125819793086,0.6094881347383697,0.9461802222409811
20,209.9588935944345,u0,piEN,14669,14626,0.265633113164146,0.724608648861206,0.9608997288983782
20,209.9588935944345,u0,piEE,14669,14626,0.2595619712874279,0.7154264043128562,0.9593478987041557
20,209.9588935944345,tE,rho,14669,14626,0.14172246075298509,0.46384618348529716,0.8133037969583691
20,209.9588935944345,tE,piEN,14669,14626,0.353678774827958,0.8097753541365103,0.9697242788115601
20,209.9588935944345,tE,piEE,14669,14626,0.36643845416461446,0.8215609322584221,0.974552142818605
20,209.9588935944345,rho,piEN,14669,14626,0.13394412516332746,0.4557300121591725,0.8035736244729379
20,209.9588935944345,rho,piEE,14669,14626,0.14156678994221716,0.46491796351843484,0.8020990684729337
20,209.9588935944345,piEN,piEE,14669,14626,0.2790671160763447,0.7374193419364701,0.9543153849926389
21,311.70460814088506,t0,u0,14367,14328,0.1465498706464241,0.48376080794530596,0.8224301935719994
21,311.70460814088506,t0,tE,14367,14328,0.15430261966331207,0.4935408037790767,0.8281182759070885
21,311.70460814088506,t0,rho,14367,14328,0.08707884346896093,0.30253020313204904,0.6670935253259085
21,311.70460814088506,t0,piEN,14367,14328,0.15446131658267184,0.4851592016620049,0.8538570637977524
21,311.70460814088506,t0,piEE,14367,14328,0.15141487640423268,0.4876033015892404,0.8551787466531949
21,311.70460814088506,u0,tE,14367,14328,0.42963258439465524,0.8933162236895358,0.993782904109676
21,311.70460814088506,u0,rho,14367,14328,0.2114475454212712,0.6195723779851354,0.9409570154581774
21,311.70460814088506,u0,piEN,14367,14328,0.2643328537846376,0.7266007020242295,0.9590821947744355
21,311.70460814088506,u0,piEE,14367,14328,0.2613499019859344,0.7212467577262904,0.960254833732932
21,311.70460814088506,tE,rho,14367,14328,0.13927695608789167,0.4618340577103053,0.8105006262785757
21,311.70460814088506,tE,piEN,14367,14328,0.34438544100229185,0.8009998052014178,0.9678069759910721
21,311.70460814088506,tE,piEE,14367,14328,0.3580840341362481,0.8172958306435477,0.9755788884133513
21,311.70460814088506,rho,piEN,14367,14328,0.1395258014020239,0.4551436300341888,0.7998580136698676
21,311.70460814088506,rho,piEE,14367,14328,0.14119032268949733,0.466896176203334,0.8016727794865715
21,311.70460814088506,piEN,piEE,14367,14328,0.27383487217732494,0.727817180848377,0.9525834212170601
22,462.52239664535387,t0,u0,13917,13900,0.14353596232961424,0.4762473486188208,0.813964315738083
22,462.52239664535387,t0,tE,13917,13900,0.15056828360823712,0.4802159282309992,0.8212485650258504
22,462.52239664535387,t0,rho,13917,13900,0.08322670422376703,0.29630994912478414,0.6583343120318256
22,462.52239664535387,t0,piEN,13917,13900,0.1459224686273473,0.47299706806197195,0.8476141443159311
22,462.52239664535387,t0,piEE,13917,13900,0.15220012068055122,0.48528537039682285,0.8450809617467235
22,462.52239664535387,u0,tE,13917,13900,0.4359748199521049,0.8941359225123036,0.9934470795944151
22,462.52239664535387,u0,rho,13917,13900,0.21898923963848285,0.6205903160000839,0.9319079692142678
22,462.52239664535387,u0,piEN,13917,13900,0.25776184536062097,0.7274999407901585,0.9620554048653691
22,462.52239664535387,u0,piEE,13917,13900,0.25954889853818963,0.7230520133330641,0.9638668991561367
22,462.52239664535387,tE,rho,13917,13900,0.14384901842593992,0.4692003067400299,0.8143917413317692
22,462.52239664535387,tE,piEN,13917,13900,0.34946905432873693,0.8118963228742249,0.9719815874665008
22,462.52239664535387,tE,piEE,13917,13900,0.3710358254361528,0.8299011889467572,0.9770169836314396
22,462.52239664535387,rho,piEN,13917,13900,0.1425470068025214,0.46334965295378394,0.8023244411402626
22,462.52239664535387,rho,piEE,13917,13900,0.14768759843775545,0.48002669162650385,0.8052321268118396
22,462.52239664535387,piEN,piEE,13917,13900,0.2781484554262119,0.7269810781178614,0.9544322807106624
23,686.0797762438273,t0,u0,13146,13124,0.14609007842849978,0.4586091015053592,0.7995250297871912
23,686.0797762438273,t0,tE,13146,13124,0.14680087310237738,0.46488981391817563,0.8020196429441621
23,686.0797762438273,t0,rho,13146,13124,0.08201004757679678,0.2844804383401382,0.6357561723545743
23,686.0797762438273,t0,piEN,13146,13124,0.14549040875626248,0.46660939861416373,0.8326268580967717
23,686.0797762438273,t0,piEE,13146,13124,0.14767644264945998,0.46401720026189625,0.8268384166007258
23,686.0797762438273,u0,tE,13146,13124,0.42889282584524474,0.8893322164826636,0.9924556791425321
23,686.0797762438273,u0,rho,13146,13124,0.21735160938924872,0.6152044352970635,0.9257046403989339
23,686.0797762438273,u0,piEN,13146,13124,0.27303153672359565,0.7425261746021246,0.959050337190746
23,686.0797762438273,u0,piEE,13146,13124,0.2632957733988876,0.7324374016363044,0.9622799997208209
23,686.0797762438273,tE,rho,13146,13124,0.14650670737445137,0.48142203627684926,0.816548208221347
23,686.0797762438273,tE,piEN,13146,13124,0.35632163143308915,0.8152949845581312,0.9705315604323034
23,686.0797762438273,tE,piEE,13146,13124,0.3670264307646894,0.8312958928200676,0.9782343390691071
23,686.0797762438273,rho,piEN,13146,13124,0.15108751393782052,0.47455458375093756,0.8036459537119491
23,686.0797762438273,rho,piEE,13146,13124,0.15237651122609755,0.4860655416135892,0.8029023522877953
23,686.0797762438273,piEN,piEE,13146,13124,0.2753553150003752,0.7203400729244349,0.9510711062877327
24,1017.4591345312272,t0,u0,12173,12156,0.1375451267434205,0.4515743438458681,0.7892324830895114
24,1017.4591345312272,t0,tE,12173,12156,0.14395537280193565,0.4553853652096965,0.7889582377443034
24,1017.4591345312272,t0,rho,12173,12156,0.0796804406746002,0.28563531485940247,0.6451673714805815
24,1017.4591345312272,t0,piEN,12173,12156,0.14254623948351183,0.45069243687952876,0.8237227978568277
24,1017.4591345312272,t0,piEE,12173,12156,0.14414947317249646,0.46050206457782933,0.8235377117525015
24,1017.4591345312272,u0,tE,12173,12156,0.41719154660989144,0.8798237490571175,0.990710755979001
24,1017.4591345312272,u0,rho,12173,12156,0.22062635360557337,0.6194947127564139,0.9130518974627759
24,1017.4591345312272,u0,piEN,12173,12156,0.2662205126933225,0.7287656619844345,0.957128173310151
24,1017.4591345312272,u0,piEE,12173,12156,0.2647103943597647,0.7336673123318718,0.9621428461752297
24,1017.4591345312272,tE,rho,12173,12156,0.1498721409241276,0.4843950035762703,0.8091159084870715
24,1017.4591345312272,tE,piEN,12173,12156,0.34766302945872396,0.8120716582165901,0.9702521692989099
24,1017.4591345312272,tE,piEE,12173,12156,0.3689051174571042,0.8373095878262191,0.9799422049304354
24,1017.4591345312272,rho,piEN,12173,12156,0.15888059043464148,0.48385700760875505,0.8005621381084796
24,1017.4591345312272,rho,piEE,12173,12156,0.15249924928686057,0.4841560547520781,0.8029670786631621
24,1017.4591345312272,piEN,piEE,12173,12156,0.26639116083244047,0.720707082005418,0.9513323644739977
25,1508.6631345790045,t0,u0,11481,11470,0.13978003180371684,0.44932341224144384,0.7784821138225035
25,1508.6631345790045,t0,tE,11481,11470,0.13593778119835168,0.4471629470172247,0.7774537444794439
25,1508.6631345790045,t0,rho,11481,11470,0.07645238013740177,0.2699974558630783,0.6254899073264065
25,1508.6631345790045,t0,piEN,11481,11470,0.13295078895171625,0.44235510190366367,0.8063631696900666
25,1508.6631345790045,t0,piEE,11481,11470,0.13745116504804888,0.4483762341224652,0.8053937853700952
25,1508.6631345790045,u0,tE,11481,11470,0.41092836605705146,0.8809852978097072,0.9904139893297452
25,1508.6631345790045,u0,rho,11481,11470,0.2202205478411255,0.6145380519645821,0.9033823416665088
25,1508.6631345790045,u0,piEN,11481,11470,0.26396245283626524,0.7295114065453792,0.9579153411449185
25,1508.6631345790045,u0,piEE,11481,11470,0.27557401090265204,0.7493707402990208,0.9661750866511366
25,1508.6631345790045,tE,rho,11481,11470,0.14455633425599523,0.4846210659360727,0.8015557733656541
25,1508.6631345790045,tE,piEN,11481,11470,0.3608414699545714,0.8251745098430496,0.9722159235336341
25,1508.6631345790045,tE,piEE,11481,11470,0.3910240605274242,0.8499794699992315,0.9826795968186671
25,1508.6631345790045,rho,piEN,11481,11470,0.15594776375456623,0.48930391801945783,0.8013102109496394
25,1508.6631345790045,rho,piEE,11481,11470,0.1482533580903802,0.4813402553729126,0.7960695978351096
25,1508.6631345790045,piEN,piEE,11481,11470,0.2777634042860756,0.7257293841602754,0.95226487188437
26,2236.775383060324,t0,u0,10098,10087,0.1355447704992959,0.43944615956518657,0.7669939155302283
26,2236.775383060324,t0,tE,10098,10087,0.13362937571955244,0.4348973352209373,0.7679634726615026
26,2236.775383060324,t0,rho,10098,10087,0.07594408680472821,0.2751789921685865,0.6173620216934671
26,2236.775383060324,t0,piEN,10098,10087,0.1367809167616547,0.4398945137988368,0.8055042522249665
26,2236.775383060324,t0,piEE,10098,10087,0.13942662175889747,0.4403249583459181,0.8012853367742045
26,2236.775383060324,u0,tE,10098,10087,0.3912494242437687,0.8646714978717034,0.9889692803802892
26,2236.775383060324,u0,rho,10098,10087,0.2269460634705635,0.6027700298213454,0.8970352233507077
26,2236.775383060324,u0,piEN,10098,10087,0.27267522870401795,0.7439736449162137,0.9597265021421334
26,2236.775383060324,u0,piEE,10098,10087,0.27408016746281655,0.74603208967829,0.9673345719332014
26,2236.775383060324,tE,rho,10098,10087,0.15249995571937006,0.4971327008618296,0.805399788782011
26,2236.775383060324,tE,piEN,10098,10087,0.3671409642383987,0.8240091228842283,0.9743060454562824
26,2236.775383060324,tE,piEE,10098,10087,0.3986833467823848,0.859231104426648,0.9838579867006886
26,2236.775383060324,rho,piEN,10098,10087,0.15359471468803365,0.49719051811255255,0.8078392617149143
26,2236.775383060324,rho,piEE,10098,10087,0.15745489718152822,0.4962458187518872,0.802789141592987
26,2236.775383060324,piEN,piEE,10098,10087,0.2966430874033896,0.7412476715386301,0.9550909647746126
27,3316.0569979025463,t0,u0,8994,8990,0.13064297975882763,0.42303338137281865,0.7489666737673462
27,3316.0569979025463,t0,tE,8994,8990,0.12547212777915734,0.41133085971369143,0.7459806775678993
27,3316.0569979025463,t0,rho,8994,8990,0.07679868614374494,0.2695357002374952,0.6089942108264367
27,3316.0569979025463,t0,piEN,8994,8990,0.1245708308827014,0.41942069324624554,0.7867520395566967
27,3316.0569979025463,t0,piEE,8994,8990,0.12794924414456313,0.42215016805070865,0.7753091611898284
27,3316.0569979025463,u0,tE,8994,8990,0.38316909680028866,0.8548355815755349,0.9860088610201373
27,3316.0569979025463,u0,rho,8994,8990,0.2383491041996607,0.6219925310296839,0.9030615054926573
27,3316.0569979025463,u0,piEN,8994,8990,0.2765633713233429,0.7397181871545113,0.9595791544117969
27,3316.0569979025463,u0,piEE,8994,8990,0.2872973031299159,0.7494725967648872,0.967299668220461
27,3316.0569979025463,tE,rho,8994,8990,0.15800091310368097,0.49156363481798176,0.8037646912733727
27,3316.0569979025463,tE,piEN,8994,8990,0.35326625816437074,0.8331579367065247,0.9763300888107643
27,3316.0569979025463,tE,piEE,8994,8990,0.39986272235621034,0.8641172064001196,0.9847479623146689
27,3316.0569979025463,rho,piEN,8994,8990,0.167601100738575,0.49846256390846766,0.8060791324483921
27,3316.0569979025463,rho,piEE,8994,8990,0.16135023908302096,0.4932647721332514,0.8030676887197521
27,3316.0569979025463,piEN,piEE,8994,8990,0.2891997725531931,0.7298217563336791,0.9547851938546043
28,4915.877364289809,t0,u0,7740,7736,0.12514721792890196,0.41064195520153585,0.746526052412989
28,4915.877364289809,t0,tE,7740,7736,0.11820955452788916,0.3960211522387559,0.7354844544587387
28,4915.877364289809,t0,rho,7740,7736,0.07038864537161688,0.2629132854306605,0.6075775938540713
28,4915.877364289809,t0,piEN,7740,7736,0.12211526642333913,0.4058421084317898,0.7782614380254816
28,4915.877364289809,t0,piEE,7740,7736,0.12526477405445488,0.40053038765340704,0.7651750763951333
28,4915.877364289809,u0,tE,7740,7736,0.3776698781157378,0.845840276372031,0.9847245151388362
28,4915.877364289809,u0,rho,7740,7736,0.2391285013743518,0.6324336106490309,0.9000191667226516
28,4915.877364289809,u0,piEN,7740,7736,0.28854485631282556,0.7512486886427926,0.9619095687715102
28,4915.877364289809,u0,piEE,7740,7736,0.29745605119432605,0.7630435379766245,0.9675339770495761
28,4915.877364289809,tE,rho,7740,7736,0.16519942934114457,0.5111605999772397,0.8052824303447108
28,4915.877364289809,tE,piEN,7740,7736,0.3802665616415369,0.8389738542115832,0.9774589936920118
28,4915.877364289809,tE,piEE,7740,7736,0.43064976760080725,0.8792671554177393,0.9875922237495628
28,4915.877364289809,rho,piEN,7740,7736,0.17003472186010113,0.51488308862785,0.8107181633985827
28,4915.877364289809,rho,piEE,7740,7736,0.15478539741805203,0.499885988243415,0.8048053160640917
28,4915.877364289809,piEN,piEE,7740,7736,0.29065775181071546,0.7484307975240145,0.9559221241364071
29,7287.29291469889,t0,u0,6867,6865,0.12622683501313123,0.4018973301924373,0.7274798927918965
29,7287.29291469889,t0,tE,6867,6865,0.11701699027184281,0.3704937026329994,0.7099024210114558
29,7287.29291469889,t0,rho,6867,6865,0.0727971253401571,0.26081711419916254,0.603958304936641
29,7287.29291469889,t0,piEN,6867,6865,0.11383561202318716,0.38585667115957406,0.7504909575452615
29,7287.29291469889,t0,piEE,6867,6865,0.11397113532569347,0.38262817970179386,0.7457379792137661
29,7287.29291469889,u0,tE,6867,6865,0.35585565661073737,0.8278116617307849,0.9818626665349572
29,7287.29291469889,u0,rho,6867,6865,0.2548794773622144,0.6366653936179062,0.8993727354773292
29,7287.29291469889,u0,piEN,6867,6865,0.28541741853537805,0.7502518610936801,0.9580221424702079
29,7287.29291469889,u0,piEE,6867,6865,0.2750156173830996,0.7611542562716925,0.968677515483492
29,7287.29291469889,tE,rho,6867,6865,0.16104759821377834,0.5029200610960333,0.8009398541731249
29,7287.29291469889,tE,piEN,6867,6865,0.3772965237294072,0.8456683343900848,0.980749850729603
29,7287.29291469889,tE,piEE,6867,6865,0.4208355683681941,0.8882293808890316,0.9884569406933292
29,7287.29291469889,rho,piEN,6867,6865,0.16791275148456167,0.5167534153116708,0.8175605517690429
29,7287.29291469889,rho,piEE,6867,6865,0.16593688928205286,0.49817373168637114,0.8094786364131249
29,7287.29291469889,piEN,piEE,6867,6865,0.30104886756422544,0.7541712520241807,0.9583052903062615
30,10802.44488480495,t0,u0,5620,5619,0.11740782464843287,0.37967087314350245,0.7032109184218854
30,10802.44488480495,t0,tE,5620,5619,0.1053078512152757,0.35523461136231926,0.678857307571859
30,10802.44488480495,t0,rho,5620,5619,0.06920481418251566,0.25176505207959565,0.5911481164601997
30,10802.44488480495,t0,piEN,5620,5619,0.11046697823362292,0.3625272691406257,0.7292583746439962
30,10802.44488480495,t0,piEE,5620,5619,0.1077149247422213,0.37160448315509026,0.7214143016312021
30,10802.44488480495,u0,tE,5620,5619,0.35679818908068706,0.8294328692628707,0.9787498246823043
30,10802.44488480495,u0,rho,5620,5619,0.25448024667071656,0.642172935777204,0.9022483919469961
30,10802.44488480495,u0,piEN,5620,5619,0.2748806251000761,0.7511932382687784,0.95785917381863
30,10802.44488480495,u0,piEE,5620,5619,0.29127244491480364,0.7710901646384839,0.968959211400499
30,10802.44488480495,tE,rho,5620,5619,0.16048109088605958,0.5088896687065453,0.7939090693823959
30,10802.44488480495,tE,piEN,5620,5619,0.3692180080629337,0.8572321418484387,0.9828338644680984
30,10802.44488480495,tE,piEE,5620,5619,0.4451421206627272,0.901638927581802,0.9895497512973073
30,10802.44488480495,rho,piEN,5620,5619,0.17671967099993147,0.5322685578728731,0.8193100630042958
30,10802.44488480495,rho,piEE,5620,5619,0.16663823774965947,0.5109875653677893,0.8129248442023954
30,10802.44488480495,piEN,piEE,5620,5619,0.2897600472997423,0.7487251966611332,0.961473607807352
31,16012.958651912983,t0,u0,4502,4501,0.10804057815493669,0.3490817557868961,0.675276449153492
31,16012.958651912983,t0,tE,4502,4501,0.1003017205441954,0.32783626129030147,0.646969315897483
31,16012.958651912983,t0,rho,4502,4501,0.07223214568183746,0.25709864418086886,0.5906735319311242
31,16012.958651912983,t0,piEN,4502,4501,0.10368313816170044,0.3433683626852092,0.6874936360731057
31,16012.958651912983,t0,piEE,4502,4501,0.09554670502101344,0.3332602809865282,0.6899930236446762
31,16012.958651912983,u0,tE,4502,4501,0.3099518167808658,0.7963810624305804,0.971453554077812
31,16012.958651912983,u0,rho,4502,4501,0.2666267152022538,0.6579984208091963,0.9019156994792973
31,16012.958651912983,u0,piEN,4502,4501,0.2702631097891903,0.7339846144380414,0.9552601107826213
31,16012.958651912983,u0,piEE,4502,4501,0.27507253618113775,0.7556364820753716,0.9693911252850286
31,16012.958651912983,tE,rho,4502,4501,0.15712066800106908,0.49832139481213616,0.7931507342357483
31,16012.958651912983,tE,piEN,4502,4501,0.40166986441659464,0.863433435322576,0.985566672312328
31,16012.958651912983,tE,piEE,4502,4501,0.4733150527164765,0.9078421036561531,0.991089821637649
31,16012.958651912983,rho,piEN,4502,4501,0.17191445557043836,0.5265512198353818,0.824695219656479
31,16012.958651912983,rho,piEE,4502,4501,0.16643191411518124,0.502486625110742,0.8033330398998911
31,16012.958651912983,piEN,piEE,4502,4501,0.29435212461955057,0.7624791585144267,0.9640925978156613
32,23736.509140799273,t0,u0,3421,3419,0.10593110403217079,0.3511601941275778,0.6613734648140543
32,23736.509140799273,t0,tE,3421,3419,0.08846474863887221,0.3107147849698864,0.6216544644531211
32,23736.509140799273,t0,rho,3421,3419,0.07139389954704943,0.2526367036948325,0.5864197251746966
32,23736.509140799273,t0,piEN,3421,3419,0.09711420776895348,0.33883383359992786,0.6695162787320512
32,23736.509140799273,t0,piEE,3421,3419,0.10181711205935587,0.3335236046551671,0.666736873039377
32,23736.509140799273,u0,tE,3421,3419,0.2976315130272708,0.7863425002788366,0.9677898472924863
32,23736.509140799273,u0,rho,3421,3419,0.27280594420551063,0.6445792452806788,0.895539003492311
32,23736.509140799273,u0,piEN,3421,3419,0.2644782935571038,0.7349513125884748,0.955550741398631
32,23736.509140799273,u0,piEE,3421,3419,0.2852779361266973,0.7810043991230537,0.9679596963227184
32,23736.509140799273,tE,rho,3421,3419,0.14522159807888654,0.4809522565621278,0.7884419119649373
32,23736.509140799273,tE,piEN,3421,3419,0.4034620972567841,0.8863743535133568,0.9890455553789848
32,23736.509140799273,tE,piEE,3421,3419,0.5203833386679261,0.9264930247196483,0.9929885274737044
32,23736.509140799273,rho,piEN,3421,3419,0.1657665935174491,0.5123813595796108,0.8194856439150672
32,23736.509140799273,rho,piEE,3421,3419,0.15721747191245747,0.5051380861966186,0.8115681168139695
32,23736.509140799273,piEN,piEE,3421,3419,0.30886109112789084,0.7833471827985634,0.9707726371955411
33,35185.13682334052,t0,u0,2721,2721,0.10679571130155674,0.3327278578521838,0.6682803599299391
33,35185.13682334052,t0,tE,2721,2721,0.08785468405981472,0.30454278892501707,0.6176015420807232
33,35185.13682334052,t0,rho,2721,2721,0.07085585248231127,0.2513806984054905,0.5940271857079384
33,35185.13682334052,t0,piEN,2721,2721,0.09245033284081658,0.31054493748665746,0.6601796015967959
33,35185.13682334052,t0,piEE,2721,2721,0.09113452303812165,0.31582788521408023,0.6591179547302195
33,35185.13682334052,u0,tE,2721,2721,0.29593631622582633,0.7783264443088771,0.9620334837888849
33,35185.13682334052,u0,rho,2721,2721,0.24428968765154124,0.652160105128303,0.9049106384926737
33,35185.13682334052,u0,piEN,2721,2721,0.2578223336925813,0.745289414808483,0.9524512108601566
33,35185.13682334052,u0,piEE,2721,2721,0.30268250143130504,0.784425630176293,0.9700198768811312
33,35185.13682334052,tE,rho,2721,2721,0.15286976083480358,0.4779113787003487,0.7790882520629496
33,35185.13682334052,tE,piEN,2721,2721,0.4751902425630225,0.9079949596960446,0.9915965814902787
33,35185.13682334052,tE,piEE,2721,2721,0.5591990167339509,0.93780225109008,0.9950091457010276
33,35185.13682334052,rho,piEN,2721,2721,0.177111330598352,0.5402869147392232,0.8347264750527236
33,35185.13682334052,rho,piEE,2721,2721,0.17304925682222694,0.5066921619671073,0.8190410438895317
33,35185.13682334052,piEN,piEE,2721,2721,0.330132673636244,0.8241246167306617,0.9783651941804493
34,52155.45067084543,t0,u0,1976,1975,0.10392479759275275,0.3124265664259161,0.6429722971256367
34,52155.45067084543,t0,tE,1976,1975,0.07313544169996372,0.27203114549117385,0.5581723560476085
34,52155.45067084543,t0,rho,1976,1975,0.07148903463187847,0.24883454604573507,0.5630763759871191
34,52155.45067084543,t0,piEN,1976,1975,0.07722792301266065,0.2944134962630747,0.6222467402455066
34,52155.45067084543,t0,piEE,1976,1975,0.07935973513372016,0.2858280375035663,0.6167334073542832
34,52155.45067084543,u0,tE,1976,1975,0.2721876927993828,0.7572208687233367,0.9544554220636237
34,52155.45067084543,u0,rho,1976,1975,0.23727448948246244,0.6499014576396122,0.8932353885433911
34,52155.45067084543,u0,piEN,1976,1975,0.24889825617577854,0.7464192818284026,0.9538655734746305
34,52155.45067084543,u0,piEE,1976,1975,0.29027846452843403,0.7809085296477315,0.9662296303493677
34,52155.45067084543,tE,rho,1976,1975,0.15045462428384862,0.49435960516862915,0.792086550513447
34,52155.45067084543,tE,piEN,1976,1975,0.50766779950811,0.933197166701636,0.9950637864570521
34,52155.45067084543,tE,piEE,1976,1975,0.5836815337725554,0.9528949606954541,0.9960826328882948
34,52155.45067084543,rho,piEN,1976,1975,0.17858961870878562,0.540064108267774,0.8244873510335468
34,52155.45067084543,rho,piEE,1976,1975,0.1750810948809858,0.5236510138722379,0.8255517061120862
34,52155.45067084543,piEN,piEE,1976,1975,0.37912795248604064,0.8597148107874686,0.9846377087257672
35,77310.56620683194,t0,u0,1431,1431,0.09857619358613876,0.3116266292626686,0.6257475526544121
35,77310.56620683194,t0,tE,1431,1431,0.06996827580857369,0.2439392202820943,0.5345582138344435
35,77310.56620683194,t0,rho,1431,1431,0.06712663618534022,0.266688232691843,0.610224372093203
35,77310.56620683194,t0,piEN,1431,1431,0.07548032837007271,0.2589789181739255,0.5791458590267979
35,77310.56620683194,t0,piEE,1431,1431,0.07821589923103038,0.25952710393518585,0.5573282543641284
35,77310.56620683194,u0,tE,1431,1431,0.2557490796399664,0.7544905103228742,0.9493847889662521
35,77310.56620683194,u0,rho,1431,1431,0.22338898593918927,0.6244635431245645,0.9105321203578419
35,77310.56620683194,u0,piEN,1431,1431,0.2623364239459738,0.7232057630750306,0.9469325955115766
35,77310.56620683194,u0,piEE,1431,1431,0.2953752020531588,0.78871269890171,0.9648071829464144
35,77310.56620683194,tE,rho,1431,1431,0.1572167524743655,0.4646687487081331,0.7750471481351762
35,77310.56620683194,tE,piEN,1431,1431,0.5613690992894501,0.9478802788573751,0.9964536950495088
35,77310.56620683194,tE,piEE,1431,1431,0.6460099110930196,0.9686956037241632,0.9973890596450813
35,77310.56620683194,rho,piEN,1431,1431,0.18700298104043622,0.5365450490632977,0.8315400739533908
35,77310.56620683194,rho,piEE,1431,1431,0.18957992816215688,0.5319048591252841,0.8342845318103455
35,77310.56620683194,piEN,piEE,1431,1431,0.38938907261699957,0.8793333858929195,0.9889597386097068
36,114598.02260363058,t0,u0,952,952,0.08962840429919876,0.27721685911914,0.5991178780773835
36,114598.02260363058,t0,tE,952,952,0.059080497506888575,0.2198782217550258,0.492940950942791
36,114598.02260363058,t0,rho,952,952,0.061916557267958944,0.24999923160922272,0.5708497088661735
36,114598.02260363058,t0,piEN,952,952,0.07549673838614887,0.25628270066224373,0.5313464689216381
36,114598.02260363058,t0,piEE,952,952,0.07383257977755998,0.23871280383942714,0.5191702484717012
36,114598.02260363058,u0,tE,952,952,0.25984600112977413,0.7434622078487966,0.9478622099346904
36,114598.02260363058,u0,rho,952,952,0.20068775565160707,0.6222548471192544,0.9110377227625734
36,114598.02260363058,u0,piEN,952,952,0.2413145770450051,0.7429027483167693,0.9540673793185798
36,114598.02260363058,u0,piEE,952,952,0.27734755898941377,0.7679609885634571,0.9658902877781086
36,114598.02260363058,tE,rho,952,952,0.14655152069248176,0.46327614916583904,0.7741199855720249
36,114598.02260363058,tE,piEN,952,952,0.6183435830994901,0.9641523250618218,0.9977038904965333
36,114598.02260363058,tE,piEE,952,952,0.688357794825506,0.9772521507286918,0.9982920904892449
36,114598.02260363058,rho,piEN,952,952,0.18769107106624752,0.5604893996644722,0.8398504749473015
36,114598.02260363058,rho,piEE,952,952,0.163056572962367,0.5203324578741729,0.8135116641753543
36,114598.02260363058,piEN,piEE,952,952,0.4100298910505693,0.8966266302468671,0.9938131042396818
37,169869.2616704574,t0,u0,607,607,0.08427488471700136,0.2702296373259708,0.5658482051159498
37,169869.2616704574,t0,tE,607,607,0.06302407290432399,0.2003055735943496,0.4328813066288113
37,169869.2616704574,t0,rho,607,607,0.07423845877593079,0.25975305331552795,0.5876155577976221
37,169869.2616704574,t0,piEN,607,607,0.06508280276609531,0.2311408199093476,0.4902475077764512
37,169869.2616704574,t0,piEE,607,607,0.06524024042213451,0.2175874956694447,0.5101879292548787
37,169869.2616704574,u0,tE,607,607,0.31381775383280464,0.7809965556733923,0.9496001206473328
37,169869.2616704574,u0,rho,607,607,0.19097412436846886,0.5351858898573644,0.8612864809265018
37,169869.2616704574,u0,piEN,607,607,0.28807809968806203,0.7533619897503604,0.9488399880325886
37,169869.2616704574,u0,piEE,607,607,0.3455489737640456,0.8145812345287987,0.9661300577831708
37,169869.2616704574,tE,rho,607,607,0.16177777975531485,0.4854197053246241,0.7481525347459019
37,169869.2616704574,tE,piEN,607,607,0.7676160459676543,0.9858996267505846,0.9987718704803686
37,169869.2616704574,tE,piEE,607,607,0.8426787624303851,0.9902386354053268,0.9993040012090617
37,169869.2616704574,rho,piEN,607,607,0.1648867440372644,0.523601402576998,0.7939103291362011
37,169869.2616704574,rho,piEE,607,607,0.19034155604161349,0.5412410714475347,0.8031261741793462
37,169869.2616704574,piEN,piEE,607,607,0.6142487853080382,0.956098733036982,0.9972100148952221
38,251797.882262679,t0,u0,389,389,0.07332117885977825,0.256634488002807,0.5274121823062448
38,251797.882262679,t0,tE,389,389,0.062069930903549855,0.19340690880439024,0.45689873983645396
38,251797.882262679,t0,rho,389,389,0.0918158918519084,0.2675754614359766,0.6338963669855662
38,251797.882262679,t0,piEN,389,389,0.06920750734066207,0.21032303912572717,0.4891357250831888
38,251797.882262679,t0,piEE,389,389,0.05652168041909941,0.20814043755921185,0.488145082293345
38,251797.882262679,u0,tE,389,389,0.29795862018863023,0.8069445463974351,0.9514412169154749
38,251797.882262679,u0,rho,389,389,0.16653468095956864,0.5124629177655008,0.8438350379022561
38,251797.882262679,u0,piEN,389,389,0.3387658241209008,0.7869661232205563,0.9588291443186963
38,251797.882262679,u0,piEE,389,389,0.3478516693025821,0.842572967381165,0.96916262886184
38,251797.882262679,tE,rho,389,389,0.13941136267498436,0.4649497447236157,0.7173111831717546
38,251797.882262679,tE,piEN,389,389,0.8751677562547394,0.9914568128407919,0.9994111650539146
38,251797.882262679,tE,piEE,389,389,0.8753468027468788,0.9949474771375024,0.9995594531406836
38,251797.882262679,rho,piEN,389,389,0.15742479905743575,0.4803846239290611,0.7750146492714687
38,251797.882262679,rho,piEE,389,389,0.14763942703541932,0.4756304965093194,0.7680142366650531
38,251797.882262679,piEN,piEE,389,389,0.6154986504297448,0.9720655894998298,0.9981339068844106
39,373240.76983805175,t0,u0,209,209,0.06593531306758668,0.24558033152535608,0.5335982067388889
39,373240.76983805175,t0,tE,209,209,0.0638726704252252,0.20821104750460528,0.4267591891896794
39,373240.76983805175,t0,rho,209,209,0.10389616063244911,0.3137562525850755,0.6178924195096679
39,373240.76983805175,t0,piEN,209,209,0.07042336712823342,0.20808612670650592,0.4457462203061019
39,373240.76983805175,t0,piEE,209,209,0.05141347996917289,0.20643823158438476,0.45151261544771626
39,373240.76983805175,u0,tE,209,209,0.43167803122171305,0.8596476777114085,0.9595377588257704
39,373240.76983805175,u0,rho,209,209,0.1434259494141834,0.47392381460656413,0.8152435047621499
39,373240.76983805175,u0,piEN,209,209,0.40370526549136165,0.8620810752108904,0.9647775185073897
39,373240.76983805175,u0,piEE,209,209,0.38522981725315497,0.8649604046332698,0.9747177996512875
39,373240.76983805175,tE,rho,209,209,0.16811968804782199,0.4821540718403242,0.7061063091237999
39,373240.76983805175,tE,piEN,209,209,0.9499009414824439,0.9952670965699407,0.999696260885512
39,373240.76983805175,tE,piEE,209,209,0.9657366799123795,0.9974669164544584,0.999796935312023
39,373240.76983805175,rho,piEN,209,209,0.16278918611607113,0.4838386296320229,0.7128517374301634
39,373240.76983805175,rho,piEE,209,209,0.167824029390306,0.5193560001616131,0.7332086994046483
39,373240.76983805175,piEN,piEE,209,209,0.8421064485951057,0.988395283792537,0.9988892478263961
40,553255.7003475098,t0,u0,115,115,0.07847216122807266,0.23787530334429055,0.48931986126751903
40,553255.7003475098,t0,tE,115,115,0.05769236706131272,0.16703272998681362,0.4389039426768483
40,553255.7003475098,t0,rho,115,115,0.1054671722438638,0.30915515169382307,0.6787373258259012
40,553255.7003475098,t0,piEN,115,115,0.06345049412970463,0.18957550615317129,0.4554357028506611
40,553255.7003475098,t0,piEE,115,115,0.055301696843574485,0.1875947434818039,0.4472698043847626
40,553255.7003475098,u0,tE,115,115,0.47084830770256236,0.8666868276191632,0.9688858324743688
40,553255.7003475098,u0,rho,115,115,0.14743353705232967,0.45171389089877856,0.7254174691555056
40,553255.7003475098,u0,piEN,115,115,0.4876607622780781,0.850079537601892,0.971575542420139
40,553255.7003475098,u0,piEE,115,115,0.4739241138951494,0.8514564198429252,0.9692736059120826
40,553255.7003475098,tE,rho,115,115,0.14945578765792275,0.47697453519667005,0.7528109167286742
40,553255.7003475098,tE,piEN,115,115,0.967510438006025,0.9986771007078166,0.9998546963417484
40,553255.7003475098,tE,piEE,115,115,0.9804822946769852,0.9987812275642841,0.9999169975435946
40,553255.7003475098,rho,piEN,115,115,0.13715809200108706,0.4806849587938807,0.7625896450610429
40,553255.7003475098,rho,piEE,115,115,0.14224159134716047,0.4860961822068953,0.7284046568833175
40,553255.7003475098,piEN,piEE,115,115,0.9580887345434697,0.9972079399595782,0.9996017066437127
41,820092.036779423,t0,u0,77,77,0.055589820054241026,0.18930844583763967,0.4248958935498368
41,820092.036779423,t0,tE,77,77,0.08217576147193319,0.20330289399025547,0.34144399172230205
41,820092.036779423,t0,rho,77,77,0.06222112305038212,0.34479681935748446,0.6525179680673122
41,820092.036779423,t0,piEN,77,77,0.07474587202716787,0.20919913674423452,0.335610727454724
41,820092.036779423,t0,piEE,77,77,0.09020802092942533,0.21858268363575287,0.34279376237330217
41,820092.036779423,u0,tE,77,77,0.69181810699202,0.9181801131831596,0.976994352148858
41,820092.036779423,u0,rho,77,77,0.10770720738146974,0.4333568961703638,0.7597824319537518
41,820092.036779423,u0,piEN,77,77,0.610872841118125,0.9229706594978788,0.9804649402695849
41,820092.036779423,u0,piEE,77,77,0.6510094921110682,0.9203687013357746,0.9825315602639841
41,820092.036779423,tE,rho,77,77,0.23431550315373997,0.5056683208454245,0.75278120352251
41,820092.036779423,tE,piEN,77,77,0.9871019286328222,0.9992282395183119,0.9999076442999083
41,820092.036779423,tE,piEE,77,77,0.9940549217948447,0.9995666465062633,0.9999373149905019
41,820092.036779423,rho,piEN,77,77,0.24099959803970647,0.4651039219008535,0.7672063561149514
41,820092.036779423,rho,piEE,77,77,0.22685089392318725,0.506965303374,0.7476617191710373
41,820092.036779423,piEN,piEE,77,77,0.9640420948385661,0.9977858055808653,0.9997180726560023
42,1215623.8420519007,t0,u0,45,45,0.04020551086541099,0.1704101389504633,0.4511825929294186
42,1215623.8420519007,t0,tE,45,45,0.039377667582089534,0.13898822592129803,0.4525459506055247
42,1215623.8420519007,t0,rho,45,45,0.07342250273348705,0.23870053158122503,0.5492285637077062
42,1215623.8420519007,t0,piEN,45,45,0.05199176042631132,0.15866366292640105,0.4745664800369591
42,1215623.8420519007,t0,piEE,45,45,0.03605517979082775,0.15952370765577298,0.4916973121338831
42,1215623.8420519007,u0,tE,45,45,0.8433868956585969,0.9521441635462639,0.9914366209430484
42,1215623.8420519007,u0,rho,45,45,0.17626891455267293,0.42500709613619253,0.7335444470390272
42,1215623.8420519007,u0,piEN,45,45,0.8028122811006249,0.9496275057531135,0.9914962525425202
42,1215623.8420519007,u0,piEE,45,45,0.8773424446631066,0.9531864173129801,0.9935624481872648
42,1215623.8420519007,tE,rho,45,45,0.05592935696450866,0.4550573232798463,0.7329839360360745
42,1215623.8420519007,tE,piEN,45,45,0.9944883914399623,0.9994392195399414,0.9999846001355718
42,1215623.8420519007,tE,piEE,45,45,0.9967329991951958,0.9994691591400674,0.9999589769865117
42,1215623.8420519007,rho,piEN,45,45,0.10711018303225268,0.45200383111347103,0.7329347808494449
42,1215623.8420519007,rho,piEE,45,45,0.06659812096239753,0.4676618155673902,0.7422242049426263
42,1215623.8420519007,piEN,piEE,45,45,0.9908399071902929,0.9975833310141297,0.9998983456055044
43,1801921.0872999206,t0,u0,15,15,0.051059698588785375,0.15990978899329025,0.2630364149273477
43,1801921.0872999206,t0,tE,15,15,0.07179538206783205,0.1752532295600304,0.2608280681873487
43,1801921.0872999206,t0,rho,15,15,0.1965560502985834,0.360599545080213,0.6200476184544111
43,1801921.0872999206,t0,piEN,15,15,0.06206118879913956,0.17897095737961172,0.26049235837687207
43,1801921.0872999206,t0,piEE,15,15,0.08467345607000709,0.1788867228421497,0.2872944072038967
43,1801921.0872999206,u0,tE,15,15,0.8872862840507526,0.9827793088474706,0.9923504589617497
43,1801921.0872999206,u0,rho,15,15,0.1662463994276913,0.3995346497626819,0.7397516693900698
43,1801921.0872999206,u0,piEN,15,15,0.8748610785499487,0.9812064411064623,0.9921325623397882
43,1801921.0872999206,u0,piEE,15,15,0.8721393505501326,0.9791375777341478,0.9919554375012836
43,1801921.0872999206,tE,rho,15,15,0.12088386341136242,0.46810796492431855,0.7158503657991702
43,1801921.0872999206,tE,piEN,15,15,0.9986899524786902,0.9998183912518402,0.9999891400009668
43,1801921.0872999206,tE,piEE,15,15,0.9968317571788272,0.9998104639949955,0.9999662470353711
43,1801921.0872999206,rho,piEN,15,15,0.11941341940536888,0.46747641608167484,0.7134106384056811
43,1801921.0872999206,rho,piEE,15,15,0.1189924378413754,0.46363005598754214,0.7089729598006753
43,1801921.0872999206,piEN,piEE,15,15,0.9908799976298821,0.9986028543430923,0.9999207374927378
44,2670990.1614003386,t0,u0,7,7,0.0290275937367536,0.11934603681363118,0.4921821922846037
44,2670990.1614003386,t0,tE,7,7,0.04628872146978434,0.09897558482390462,0.48589841123904626
44,2670990.1614003386,t0,rho,7,7,0.09160124112089023,0.6961004940534349,0.7312800409626552
44,2670990.1614003386,t0,piEN,7,7,0.044957902289915086,0.07582091386591684,0.48282054506817673
44,2670990.1614003386,t0,piEE,7,7,0.041730105555140305,0.0931521694644679,0.4850374583062253
44,2670990.1614003386,u0,tE,7,7,0.9920477875445783,0.9938650684569064,0.9980054238642656
44,2670990.1614003386,u0,rho,7,7,0.3305951234346438,0.48555309122615997,0.6675516036941357
44,2670990.1614003386,u0,piEN,7,7,0.9892325130885367,0.9939051248000688,0.997266170198619
44,2670990.1614003386,u0,piEE,7,7,0.9917897538707092,0.9945128687827908,0.9980036898316479
44,2670990.1614003386,tE,rho,7,7,0.36791905098936284,0.48551186549556974,0.6806303755334541
44,2670990.1614003386,tE,piEN,7,7,0.9988373131679852,0.9998561872661492,0.9999867393802719
44,2670990.1614003386,tE,piEE,7,7,0.9982312976233605,0.9999216123771834,0.9999955096316031
44,2670990.1614003386,rho,piEN,7,7,0.3174006696933519,0.4854412721707067,0.6919441550444604
44,2670990.1614003386,rho,piEE,7,7,0.3162760978589574,0.48582853994947706,0.688194287364763
44,2670990.1614003386,piEN,piEE,7,7,0.9982223911887422,0.9997973084849311,0.9999281102930594
