bin_index,class,component,piE_true_left,piE_true_right,piE_true_center,n,abs_error_q16,abs_error_median,abs_error_q84,shown_in_figure
0,confused_fspl_no_parallax,piEN,0.01,0.014126898277593725,0.011885662908560768,11,2.5694797365430917,18.62399980877998,69.02195958703717,False
0,confused_fspl_no_parallax,piEE,0.01,0.014126898277593725,0.011885662908560768,11,4.736295405711637,17.33411402230091,151.59575030991047,False
0,parallax_detected,piEN,0.01,0.014126898277593725,0.011885662908560768,0,,,,False
0,parallax_detected,piEE,0.01,0.014126898277593725,0.011885662908560768,0,,,,False
1,confused_fspl_no_parallax,piEN,0.014126898277593725,0.019956925494548066,0.01679075508710068,26,0.7983342277108408,3.9614799113250614,29.285752842534308,False
1,confused_fspl_no_parallax,piEE,0.014126898277593725,0.019956925494548066,0.01679075508710068,26,0.7790345828018798,3.651833358217547,75.41366004631841,False
1,parallax_detected,piEN,0.014126898277593725,0.019956925494548066,0.01679075508710068,1,0.15902324760743403,0.15902324760743403,0.15902324760743403,False
1,parallax_detected,piEE,0.014126898277593725,0.019956925494548066,0.01679075508710068,1,0.2754514795308159,0.2754514795308159,0.2754514795308159,False
2,confused_fspl_no_parallax,piEN,0.019956925494548066,0.028192945639499752,0.023720128911946078,73,0.2150071697112496,1.1785631150207465,25.02155553511465,True
2,confused_fspl_no_parallax,piEE,0.019956925494548066,0.028192945639499752,0.023720128911946078,73,0.18255978326014694,2.0036767952259713,23.43917983147291,True
2,parallax_detected,piEN,0.019956925494548066,0.028192945639499752,0.023720128911946078,7,0.058355864260182036,0.20850934661921042,0.43144098252995106,False
2,parallax_detected,piEE,0.019956925494548066,0.028192945639499752,0.023720128911946078,7,0.016863122072608306,0.163832586321273,0.5409098646998899,False
3,confused_fspl_no_parallax,piEN,0.028192945639499752,0.03982788751949426,0.033509184827047234,177,0.3304154661978446,2.001691202854596,13.91802763980965,True
3,confused_fspl_no_parallax,piEE,0.028192945639499752,0.03982788751949426,0.033509184827047234,177,0.34877428915422276,2.731757137890583,15.661378888829445,True
3,parallax_detected,piEN,0.028192945639499752,0.03982788751949426,0.033509184827047234,46,0.05077782059535654,0.14636448732556856,0.5553267342331566,True
3,parallax_detected,piEE,0.028192945639499752,0.03982788751949426,0.033509184827047234,46,0.017131306408897356,0.09451925182095264,0.6633311657267733,True
4,confused_fspl_no_parallax,piEN,0.03982788751949426,0.056264451559934,0.04733808454167833,594,0.22704262706888306,1.0979309691728272,6.7648407784355875,True
4,confused_fspl_no_parallax,piEE,0.03982788751949426,0.056264451559934,0.04733808454167833,594,0.29162173805994446,1.4357526364703521,9.156578504075947,True
4,parallax_detected,piEN,0.03982788751949426,0.056264451559934,0.04733808454167833,244,0.021136807466654698,0.09820810871269464,0.35058503143387115,True
4,parallax_detected,piEE,0.03982788751949426,0.056264451559934,0.04733808454167833,244,0.021091873882292996,0.11072354682442155,0.3774046268952951,True
5,confused_fspl_no_parallax,piEN,0.056264451559934,0.07948421838317876,0.06687403049764219,1548,0.19166845804675167,1.0180971159954748,5.1802925437607135,True
5,confused_fspl_no_parallax,piEE,0.056264451559934,0.07948421838317876,0.06687403049764219,1548,0.23121942087249045,1.1770849090714655,6.6513485492753155,True
5,parallax_detected,piEN,0.056264451559934,0.07948421838317876,0.06687403049764219,990,0.018530544591967745,0.08228386873832344,0.3485058588244588,True
5,parallax_detected,piEE,0.056264451559934,0.07948421838317876,0.06687403049764219,990,0.017960864076218726,0.08133297211696941,0.3502445655408228,True
6,confused_fspl_no_parallax,piEN,0.07948421838317876,0.11228654677732122,0.09447226262528921,3404,0.1781698696007019,0.8179693212718798,3.8559336722181543,True
6,confused_fspl_no_parallax,piEE,0.07948421838317876,0.11228654677732122,0.09447226262528921,3404,0.17682199557621434,0.9072632415884507,4.470355738684739,True
6,parallax_detected,piEN,0.07948421838317876,0.11228654677732122,0.09447226262528921,3363,0.014471362786461026,0.07687938475415,0.29923463161900377,True
6,parallax_detected,piEE,0.07948421838317876,0.11228654677732122,0.09447226262528921,3363,0.017138649284703454,0.08378653073262557,0.31347996535067324,True
7,confused_fspl_no_parallax,piEN,0.11228654677732122,0.15862606242654864,0.13346000441615807,6322,0.16247385761980568,0.6936959428536439,3.134234451227956,True
7,confused_fspl_no_parallax,piEE,0.11228654677732122,0.15862606242654864,0.13346000441615807,6322,0.16595523208327945,0.7819840504684963,3.940971767719075,True
7,parallax_detected,piEN,0.11228654677732122,0.15862606242654864,0.13346000441615807,8936,0.013159961924714594,0.06828729064669115,0.27220078996311453,True
7,parallax_detected,piEE,0.11228654677732122,0.15862606242654864,0.13346000441615807,8936,0.014013205088725613,0.0760119766603578,0.27918542634094146,True
8,confused_fspl_no_parallax,piEN,0.15862606242654864,0.22408942480750846,0.18853759065142744,10025,0.13453282817315346,0.6266589951376078,2.5924772308429924,True
8,confused_fspl_no_parallax,piEE,0.15862606242654864,0.22408942480750846,0.18853759065142744,10025,0.15842612241220752,0.698913649239862,3.0677107715710124,True
8,parallax_detected,piEN,0.15862606242654864,0.22408942480750846,0.18853759065142744,18215,0.010103332108825299,0.06043072652657612,0.2518329315880315,True
8,parallax_detected,piEE,0.15862606242654864,0.22408942480750846,0.18853759065142744,18215,0.011615070964451324,0.06660500727034221,0.2737413412095232,True
9,confused_fspl_no_parallax,piEN,0.22408942480750846,0.31656885093401615,0.26634513646353214,13603,0.12866975473970324,0.5393836321407746,2.122334878250034,True
9,confused_fspl_no_parallax,piEE,0.22408942480750846,0.31656885093401615,0.26634513646353214,13603,0.15093071345544765,0.6434403271426041,2.582036528954494,True
9,parallax_detected,piEN,0.22408942480750846,0.31656885093401615,0.26634513646353214,30301,0.008913547092387447,0.05659968606895025,0.2439915236657631,True
9,parallax_detected,piEE,0.22408942480750846,0.31656885093401615,0.26634513646353214,30301,0.010861743206042574,0.06375672888183348,0.2692970372922809,True
10,confused_fspl_no_parallax,piEN,0.31656885093401615,0.447213595499958,0.376263064955214,16285,0.11927806266252591,0.493128185734746,1.812484164486984,True
10,confused_fspl_no_parallax,piEE,0.31656885093401615,0.447213595499958,0.376263064955214,16285,0.14893471651706036,0.6005870866949331,2.2601845917083665,True
10,parallax_detected,piEN,0.31656885093401615,0.447213595499958,0.376263064955214,39582,0.009100157062253677,0.057073398896154426,0.2424728176800063,True
10,parallax_detected,piEE,0.31656885093401615,0.447213595499958,0.376263064955214,39582,0.01116145443536864,0.06837361889454349,0.28628906268896076,True
11,confused_fspl_no_parallax,piEN,0.447213595499958,0.6317740971984853,0.531543004423795,16550,0.10455209845655548,0.4406869200871868,1.589193101942327,True
11,confused_fspl_no_parallax,piEE,0.447213595499958,0.6317740971984853,0.531543004423795,16550,0.13381931454568768,0.5586556592108777,1.8660448374678638,True
11,parallax_detected,piEN,0.447213595499958,0.6317740971984853,0.531543004423795,43360,0.009995709288080162,0.05979207236158393,0.2450852650389399,True
11,parallax_detected,piEE,0.447213595499958,0.6317740971984853,0.531543004423795,43360,0.011518034901730466,0.0736023697667017,0.2988115757820378,True
12,confused_fspl_no_parallax,piEN,0.6317740971984853,0.8925008405541612,0.7509053953661503,13919,0.09444693994927313,0.395433459416271,1.3595135233629898,True
12,confused_fspl_no_parallax,piEE,0.6317740971984853,0.8925008405541612,0.7509053953661503,13919,0.11723594229135897,0.4903802120191865,1.6232719414224035,True
12,parallax_detected,piEN,0.6317740971984853,0.8925008405541612,0.7509053953661503,37488,0.009885801441125726,0.05953425788259274,0.24883036263537592,True
12,parallax_detected,piEE,0.6317740971984853,0.8925008405541612,0.7509053953661503,37488,0.011528531977315463,0.07342694307336878,0.305383401078228,True
13,confused_fspl_no_parallax,piEN,0.8925008405541612,1.2608268587175546,1.060796413643391,9680,0.09115484796607957,0.3902525301724942,1.265339345072365,True
13,confused_fspl_no_parallax,piEE,0.8925008405541612,1.2608268587175546,1.060796413643391,9680,0.11430118071559639,0.4774369660113864,1.5291396036294935,True
13,parallax_detected,piEN,0.8925008405541612,1.2608268587175546,1.060796413643391,25291,0.00914226592703717,0.056815738232805856,0.24410550881407905,True
13,parallax_detected,piEE,0.8925008405541612,1.2608268587175546,1.060796413643391,25291,0.010818450945505926,0.06967265049058267,0.2932546527028246,True
14,confused_fspl_no_parallax,piEN,1.2608268587175546,1.781157277876093,1.4985763028776429,5036,0.08061652377245664,0.3542087039666939,1.1694266046274933,True
14,confused_fspl_no_parallax,piEE,1.2608268587175546,1.781157277876093,1.4985763028776429,5036,0.10456087528757424,0.4588693029352904,1.385118755492882,True
14,parallax_detected,piEN,1.2608268587175546,1.781157277876093,1.4985763028776429,13607,0.008150591322335997,0.05071099742075852,0.22636860248072976,True
14,parallax_detected,piEE,1.2608268587175546,1.781157277876093,1.4985763028776429,13607,0.009939552445284877,0.06581532223737264,0.2808705907613147,True
15,confused_fspl_no_parallax,piEN,1.781157277876093,2.5162227680951306,2.1170234991964945,2355,0.07051402553861034,0.32499023864351173,1.1346281100513216,True
15,confused_fspl_no_parallax,piEE,1.781157277876093,2.5162227680951306,2.1170234991964945,2355,0.09714665859472035,0.43973270686254495,1.4341163793791554,True
15,parallax_detected,piEN,1.781157277876093,2.5162227680951306,2.1170234991964945,5694,0.008438518285423337,0.04750580787926814,0.21326784287922668,True
15,parallax_detected,piEE,1.781157277876093,2.5162227680951306,2.1170234991964945,5694,0.009495775440636055,0.062291682797856955,0.2643318801239054,True
16,confused_fspl_no_parallax,piEN,2.5162227680951306,3.5546423088645214,2.99069756244244,806,0.07549138987032447,0.3051399481331841,1.0376585740724504,True
16,confused_fspl_no_parallax,piEE,2.5162227680951306,3.5546423088645214,2.99069756244244,806,0.08738601133637469,0.39704054948080025,1.3006094409892557,True
16,parallax_detected,piEN,2.5162227680951306,3.5546423088645214,2.99069756244244,1989,0.00776652400839054,0.043363804756634455,0.1922687631406855,True
16,parallax_detected,piEE,2.5162227680951306,3.5546423088645214,2.99069756244244,1989,0.010036666298552432,0.06113815965296441,0.2325974161867546,True
17,confused_fspl_no_parallax,piEN,3.5546423088645214,5.021607031055999,4.224928024367186,239,0.10229603074481126,0.3510878580800537,0.8996028764204368,True
17,confused_fspl_no_parallax,piEE,3.5546423088645214,5.021607031055999,4.224928024367186,239,0.08436409756910603,0.3629667709212017,1.1361490917447614,True
17,parallax_detected,piEN,3.5546423088645214,5.021607031055999,4.224928024367186,612,0.007430454142923654,0.04672371553308607,0.21030326176106776,True
17,parallax_detected,piEE,3.5546423088645214,5.021607031055999,4.224928024367186,612,0.009507079217727131,0.06357016465830062,0.2502146156204819,True
18,confused_fspl_no_parallax,piEN,5.021607031055999,7.09397317177776,5.968512843039028,75,0.07211657575696936,0.29456329283535754,0.898463924287181,True
18,confused_fspl_no_parallax,piEE,5.021607031055999,7.09397317177776,5.968512843039028,75,0.07626310127629198,0.35299620242019536,1.1980956118674952,True
18,parallax_detected,piEN,5.021607031055999,7.09397317177776,5.968512843039028,159,0.008241355043010427,0.04774488970189368,0.19068562857939375,True
18,parallax_detected,piEE,5.021607031055999,7.09397317177776,5.968512843039028,159,0.013196469968742705,0.06194348260194865,0.24331987511493913,True
19,confused_fspl_no_parallax,piEN,7.09397317177776,10.021583738168333,8.431657380212412,16,0.08359242190619713,0.23667680271927838,1.08173745474196,False
19,confused_fspl_no_parallax,piEE,7.09397317177776,10.021583738168333,8.431657380212412,16,0.3024012294873788,0.5353952960828121,2.520483142290406,False
19,parallax_detected,piEN,7.09397317177776,10.021583738168333,8.431657380212412,33,0.014095785748851564,0.05457507531660336,0.13421120955521323,True
19,parallax_detected,piEE,7.09397317177776,10.021583738168333,8.431657380212412,33,0.018297394175098663,0.06446225474088928,0.2069353143386544,True
20,confused_fspl_no_parallax,piEN,10.021583738168333,14.157389404949152,11.911316612178315,3,0.20531912906646926,0.2561061215755993,0.40654580013865255,False
20,confused_fspl_no_parallax,piEE,10.021583738168333,14.157389404949152,11.911316612178315,3,0.5667748221572111,0.7344998089599278,0.938953374733364,False
20,parallax_detected,piEN,10.021583738168333,14.157389404949152,11.911316612178315,2,0.014121956292084768,0.027837101749367276,0.04155224720664979,False
20,parallax_detected,piEE,10.021583738168333,14.157389404949152,11.911316612178315,2,0.00783807401592307,0.00817033020056272,0.008502586385202368,False
21,confused_fspl_no_parallax,piEN,14.157389404949152,20.0,16.826995813245542,0,,,,False
21,confused_fspl_no_parallax,piEE,14.157389404949152,20.0,16.826995813245542,0,,,,False
21,parallax_detected,piEN,14.157389404949152,20.0,16.826995813245542,1,0.8511851106610372,0.8511851106610372,0.8511851106610372,False
21,parallax_detected,piEE,14.157389404949152,20.0,16.826995813245542,1,0.4929521686839354,0.4929521686839354,0.4929521686839354,False
