model,lrt_region,n_events,metric,n_finite,median,q10,q90
h0,negative,2978,h0_corr_max_abs,2978,0.9923600138298387,0.8679421950709368,0.9999859199445247
h0,negative,2978,h0_corr_min_eigenvalue,2978,0.00020272728865029202,1.8407948113583094e-14,0.015232594244993071
h0,negative,2978,h0_corr_condition_number,2737,8702.408837246358,132.45136476907481,39373695.96934498
h0,negative,2978,h0_corr_log10_det,2736,-4.158250059121169,-10.25796618884936,-1.7559731175228253
h0,negative,2978,h0_corr_sqrt_det,2736,0.008334417615712462,7.437193813054766e-06,0.13243848105506809
h0,negative,2978,h0_corr_volume_per_dimension,2736,0.3021473298144578,0.05221301181279399,0.6032584406642679
h0,negative,2978,h0_corr_effective_rank,2736,1.9883307877251108,1.3566287955866252,2.723648579774091
h0,negative,2978,h0_cov_log10_sqrt_det,2739,2.143882833416327,-3.119213523272601,7.143107953046721
h0,negative,2978,h0_corr_cauchy_valid_fraction,2978,1.0,,
h0,negative,2978,h0_corr_positive_definite_fraction,2978,0.9190732034922767,,
h0,positive_below_threshold,100754,h0_corr_max_abs,100733,0.9933642702428113,0.8533214348517248,0.9999973932255917
h0,positive_below_threshold,100754,h0_corr_min_eigenvalue,100733,0.0004248803087435069,-1.3636157507372306e-14,0.021718196384203754
h0,positive_below_threshold,100754,h0_corr_condition_number,83922,2608.8009685031543,79.03539835321519,128916745472473.89
h0,positive_below_threshold,100754,h0_corr_log10_det,83762,-3.2345233571262497,-15.014846516321088,-1.4814734047191358
h0,positive_below_threshold,100754,h0_corr_sqrt_det,83762,0.024140058679208452,3.108685174869858e-08,0.18166166806149348
h0,positive_below_threshold,100754,h0_corr_volume_per_dimension,83762,0.3941709194135977,0.01327835224954933,0.6528536317887792
h0,positive_below_threshold,100754,h0_corr_effective_rank,83762,2.1643876709047944,1.5410555999599203,2.784782792304316
h0,positive_below_threshold,100754,h0_cov_log10_sqrt_det,83884,-0.39977291326113196,-21.556597977552286,3.3041443870286824
h0,positive_below_threshold,100754,h0_corr_cauchy_valid_fraction,100754,0.9997121702364175,,
h0,positive_below_threshold,100754,h0_corr_positive_definite_fraction,100754,0.8329396351509617,,
h0,detected_alpha_1e-3,229921,h0_corr_max_abs,229626,0.9975791880290781,0.8707345581345125,0.9999999938855052
h0,detected_alpha_1e-3,229921,h0_corr_min_eigenvalue,229626,8.712655321294181e-05,-3.5288612801878465e-14,0.021114984140470333
h0,detected_alpha_1e-3,229921,h0_corr_condition_number,177568,3111.0308453757198,76.76824927341683,241320696552694.44
h0,detected_alpha_1e-3,229921,h0_corr_log10_det,177178,-3.4159452187386092,-14.622153103467827,-1.5029788258596462
h0,detected_alpha_1e-3,229921,h0_corr_sqrt_det,177178,0.019589682208890513,4.885662355711772e-08,0.1772191246709898
h0,detected_alpha_1e-3,229921,h0_corr_volume_per_dimension,177178,0.37411648704510025,0.014867257456287922,0.6488251066140643
h0,detected_alpha_1e-3,229921,h0_corr_effective_rank,177178,2.266344178655912,1.7290880521967469,2.7773635414982505
h0,detected_alpha_1e-3,229921,h0_cov_log10_sqrt_det,177496,-1.8419387615282616,-23.05029800261405,1.6502777820143137
h0,detected_alpha_1e-3,229921,h0_corr_cauchy_valid_fraction,229921,0.9984820873256466,,
h0,detected_alpha_1e-3,229921,h0_corr_positive_definite_fraction,229921,0.7723000508870438,,
h1,negative,2978,h1_corr_max_abs,2973,0.9952478512441097,0.9487125759573027,0.9999667007811709
h1,negative,2978,h1_corr_min_eigenvalue,2973,5.442536614751735e-06,-5.26845392580109e-09,0.000414498258825984
h1,negative,2978,h1_corr_condition_number,2596,355962.8408671416,7754.650997471387,83019996.41345948
h1,negative,2978,h1_corr_log10_det,2596,-9.98738879497427,-15.994711622621562,-5.940977318217113
h1,negative,2978,h1_corr_sqrt_det,2596,1.0146282273948121e-05,1.00610726592881e-08,0.0010703310254688491
h1,negative,2978,h1_corr_volume_per_dimension,2596,0.14713555697083527,0.046463012815457935,0.3198296663208745
h1,negative,2978,h1_corr_effective_rank,2596,2.134749047898227,1.4937997417548363,2.8070113999967328
h1,negative,2978,h1_cov_log10_sqrt_det,2671,3.383746662227423,-2.2899866943639124,11.406458705940304
h1,negative,2978,h1_corr_cauchy_valid_fraction,2978,0.9674278038952318,,
h1,negative,2978,h1_corr_positive_definite_fraction,2978,0.8717259905977166,,
h1,positive_below_threshold,100754,h1_corr_max_abs,100745,0.9915274635777257,0.9286638575209254,0.999761980277141
h1,positive_below_threshold,100754,h1_corr_min_eigenvalue,100745,9.030162800594744e-05,4.0419651351873016e-07,0.0020715436694705557
h1,positive_below_threshold,100754,h1_corr_condition_number,98259,40813.274732187194,1613.5683960390425,5691511.141335336
h1,positive_below_threshold,100754,h1_corr_log10_det,98259,-7.29532638847777,-13.4703175321198,-4.341082081110792
h1,positive_below_threshold,100754,h1_corr_sqrt_det,98259,0.00022507994779983383,1.840099199196958e-07,0.006752412412628377
h1,positive_below_threshold,100754,h1_corr_volume_per_dimension,98259,0.24663581032523624,0.07541774434911173,0.43475357299380446
h1,positive_below_threshold,100754,h1_corr_effective_rank,98259,2.310753255432323,1.567992666043499,3.08869863979067
h1,positive_below_threshold,100754,h1_cov_log10_sqrt_det,98641,-0.720820931968817,-3.87304177861756,3.5307827588377356
h1,positive_below_threshold,100754,h1_corr_cauchy_valid_fraction,100754,0.9940151259503345,,
h1,positive_below_threshold,100754,h1_corr_positive_definite_fraction,100754,0.975236715167636,,
h1,detected_alpha_1e-3,229921,h1_corr_max_abs,229920,0.9839199065658092,0.9062679993083994,0.9990741478909145
h1,detected_alpha_1e-3,229921,h1_corr_min_eigenvalue,229920,0.00030417914114213814,1.1484208877365745e-05,0.0028723579593852014
h1,detected_alpha_1e-3,229921,h1_corr_condition_number,229119,12461.184464729495,1184.1218435954465,354492.66996700544
h1,detected_alpha_1e-3,229921,h1_corr_log10_det,229119,-6.413543173885707,-10.137776582196933,-4.18175844340966
h1,detected_alpha_1e-3,229921,h1_corr_sqrt_det,229119,0.000621195660286034,8.53319576574213e-06,0.008111866200975917
h1,detected_alpha_1e-3,229921,h1_corr_volume_per_dimension,229119,0.2921043798191422,0.14295037034240085,0.4482498260779586
h1,detected_alpha_1e-3,229921,h1_corr_effective_rank,229119,2.4718545335712934,1.79277640795523,3.1323468095328533
h1,detected_alpha_1e-3,229921,h1_cov_log10_sqrt_det,229214,-4.1789323873014155,-7.975554586127498,-0.4945380035900704
h1,detected_alpha_1e-3,229921,h1_corr_cauchy_valid_fraction,229921,0.9991475332831712,,
h1,detected_alpha_1e-3,229921,h1_corr_positive_definite_fraction,229921,0.996511845372976,,
