tE_bin,piE_bin,tE_left_days,tE_right_days,tE_center_days,piE_left,piE_right,piE_center,n_positive,n_detected,n_confused,detection_fraction,shown_in_heatmap
0,0,2.5,3.3556372631126368,2.8963931290109066,0.01,0.015254239308390182,0.012350805361752804,0,0,0,,False
0,1,2.5,3.3556372631126368,2.8963931290109066,0.015254239308390182,0.02326918168776363,0.01884021406395259,0,0,0,,False
0,2,2.5,3.3556372631126368,2.8963931290109066,0.02326918168776363,0.035495366597555714,0.028739313395283128,0,0,0,,False
0,3,2.5,3.3556372631126368,2.8963931290109066,0.035495366597555714,0.05414548164181543,0.043839636409047256,0,0,0,,False
0,4,2.5,3.3556372631126368,2.8963931290109066,0.05414548164181543,0.08259481344323,0.0668740304976422,1,0,1,0.0,False
0,5,2.5,3.3556372631126368,2.8963931290109066,0.08259481344323,0.12599210498948735,0.10201124647276179,1,0,1,0.0,False
0,6,2.5,3.3556372631126368,2.8963931290109066,0.12599210498948735,0.19219137204774617,0.1556103965842683,0,0,0,,False
0,7,2.5,3.3556372631126368,2.8963931290109066,0.19219137204774617,0.29317331822241716,0.23737182283699315,1,0,1,0.0,False
0,8,2.5,3.3556372631126368,2.8963931290109066,0.29317331822241716,0.447213595499958,0.3620926590624291,0,0,0,,False
0,9,2.5,3.3556372631126368,2.8963931290109066,0.447213595499958,0.6821903207721969,0.5523448073149632,1,0,1,0.0,False
0,10,2.5,3.3556372631126368,2.8963931290109066,0.6821903207721969,1.040629440692656,0.8425599871529117,1,0,1,0.0,False
0,11,2.5,3.3556372631126368,2.8963931290109066,1.040629440692656,1.5874010519682002,1.2852611675704677,0,0,0,,False
0,12,2.5,3.3556372631126368,2.8963931290109066,1.5874010519682002,2.4214595525113247,1.960568142390089,0,0,0,,False
0,13,2.5,3.3556372631126368,2.8963931290109066,2.4214595525113247,3.6937523489595185,2.990697562442443,0,0,0,,False
0,14,2.5,3.3556372631126368,2.8963931290109066,3.6937523489595185,5.6345382276956855,4.5620816316516235,2,0,2,0.0,False
0,15,2.5,3.3556372631126368,2.8963931290109066,5.6345382276956855,8.595059451754269,6.959108495362503,0,0,0,,False
0,16,2.5,3.3556372631126368,2.8963931290109066,8.595059451754269,13.111109374690052,10.615590636131074,0,0,0,,False
0,17,2.5,3.3556372631126368,2.8963931290109066,13.111109374690052,20.0,16.193275996344934,0,0,0,,False
1,0,3.3556372631126368,4.504120576636027,3.8876978849329626,0.01,0.015254239308390182,0.012350805361752804,0,0,0,,False
1,1,3.3556372631126368,4.504120576636027,3.8876978849329626,0.015254239308390182,0.02326918168776363,0.01884021406395259,0,0,0,,False
1,2,3.3556372631126368,4.504120576636027,3.8876978849329626,0.02326918168776363,0.035495366597555714,0.028739313395283128,0,0,0,,False
1,3,3.3556372631126368,4.504120576636027,3.8876978849329626,0.035495366597555714,0.05414548164181543,0.043839636409047256,0,0,0,,False
1,4,3.3556372631126368,4.504120576636027,3.8876978849329626,0.05414548164181543,0.08259481344323,0.0668740304976422,0,0,0,,False
1,5,3.3556372631126368,4.504120576636027,3.8876978849329626,0.08259481344323,0.12599210498948735,0.10201124647276179,0,0,0,,False
1,6,3.3556372631126368,4.504120576636027,3.8876978849329626,0.12599210498948735,0.19219137204774617,0.1556103965842683,3,0,3,0.0,False
1,7,3.3556372631126368,4.504120576636027,3.8876978849329626,0.19219137204774617,0.29317331822241716,0.23737182283699315,2,0,2,0.0,False
1,8,3.3556372631126368,4.504120576636027,3.8876978849329626,0.29317331822241716,0.447213595499958,0.3620926590624291,1,0,1,0.0,False
1,9,3.3556372631126368,4.504120576636027,3.8876978849329626,0.447213595499958,0.6821903207721969,0.5523448073149632,4,0,4,0.0,False
1,10,3.3556372631126368,4.504120576636027,3.8876978849329626,0.6821903207721969,1.040629440692656,0.8425599871529117,2,0,2,0.0,False
1,11,3.3556372631126368,4.504120576636027,3.8876978849329626,1.040629440692656,1.5874010519682002,1.2852611675704677,1,0,1,0.0,False
1,12,3.3556372631126368,4.504120576636027,3.8876978849329626,1.5874010519682002,2.4214595525113247,1.960568142390089,0,0,0,,False
1,13,3.3556372631126368,4.504120576636027,3.8876978849329626,2.4214595525113247,3.6937523489595185,2.990697562442443,0,0,0,,False
1,14,3.3556372631126368,4.504120576636027,3.8876978849329626,3.6937523489595185,5.6345382276956855,4.5620816316516235,2,0,2,0.0,False
1,15,3.3556372631126368,4.504120576636027,3.8876978849329626,5.6345382276956855,8.595059451754269,6.959108495362503,2,0,2,0.0,False
1,16,3.3556372631126368,4.504120576636027,3.8876978849329626,8.595059451754269,13.111109374690052,10.615590636131074,0,0,0,,False
1,17,3.3556372631126368,4.504120576636027,3.8876978849329626,13.111109374690052,20.0,16.193275996344934,0,0,0,,False
2,0,4.504120576636027,6.045677937804893,5.218281556162093,0.01,0.015254239308390182,0.012350805361752804,0,0,0,,False
2,1,4.504120576636027,6.045677937804893,5.218281556162093,0.015254239308390182,0.02326918168776363,0.01884021406395259,0,0,0,,False
2,2,4.504120576636027,6.045677937804893,5.218281556162093,0.02326918168776363,0.035495366597555714,0.028739313395283128,2,0,2,0.0,False
2,3,4.504120576636027,6.045677937804893,5.218281556162093,0.035495366597555714,0.05414548164181543,0.043839636409047256,0,0,0,,False
2,4,4.504120576636027,6.045677937804893,5.218281556162093,0.05414548164181543,0.08259481344323,0.0668740304976422,1,0,1,0.0,False
2,5,4.504120576636027,6.045677937804893,5.218281556162093,0.08259481344323,0.12599210498948735,0.10201124647276179,2,0,2,0.0,False
2,6,4.504120576636027,6.045677937804893,5.218281556162093,0.12599210498948735,0.19219137204774617,0.1556103965842683,5,0,5,0.0,False
2,7,4.504120576636027,6.045677937804893,5.218281556162093,0.19219137204774617,0.29317331822241716,0.23737182283699315,12,0,12,0.0,False
2,8,4.504120576636027,6.045677937804893,5.218281556162093,0.29317331822241716,0.447213595499958,0.3620926590624291,4,0,4,0.0,False
2,9,4.504120576636027,6.045677937804893,5.218281556162093,0.447213595499958,0.6821903207721969,0.5523448073149632,13,0,13,0.0,False
2,10,4.504120576636027,6.045677937804893,5.218281556162093,0.6821903207721969,1.040629440692656,0.8425599871529117,14,0,14,0.0,False
2,11,4.504120576636027,6.045677937804893,5.218281556162093,1.040629440692656,1.5874010519682002,1.2852611675704677,10,0,10,0.0,False
2,12,4.504120576636027,6.045677937804893,5.218281556162093,1.5874010519682002,2.4214595525113247,1.960568142390089,7,0,7,0.0,False
2,13,4.504120576636027,6.045677937804893,5.218281556162093,2.4214595525113247,3.6937523489595185,2.990697562442443,12,0,12,0.0,False
2,14,4.504120576636027,6.045677937804893,5.218281556162093,3.6937523489595185,5.6345382276956855,4.5620816316516235,2,0,2,0.0,False
2,15,4.504120576636027,6.045677937804893,5.218281556162093,5.6345382276956855,8.595059451754269,6.959108495362503,2,1,1,0.5,False
2,16,4.504120576636027,6.045677937804893,5.218281556162093,8.595059451754269,13.111109374690052,10.615590636131074,0,0,0,,False
2,17,4.504120576636027,6.045677937804893,5.218281556162093,13.111109374690052,20.0,16.193275996344934,1,0,1,0.0,False
3,0,6.045677937804893,8.114840867550425,7.004264015708369,0.01,0.015254239308390182,0.012350805361752804,0,0,0,,False
3,1,6.045677937804893,8.114840867550425,7.004264015708369,0.015254239308390182,0.02326918168776363,0.01884021406395259,0,0,0,,False
3,2,6.045677937804893,8.114840867550425,7.004264015708369,0.02326918168776363,0.035495366597555714,0.028739313395283128,3,0,3,0.0,False
3,3,6.045677937804893,8.114840867550425,7.004264015708369,0.035495366597555714,0.05414548164181543,0.043839636409047256,1,0,1,0.0,False
3,4,6.045677937804893,8.114840867550425,7.004264015708369,0.05414548164181543,0.08259481344323,0.0668740304976422,8,0,8,0.0,False
3,5,6.045677937804893,8.114840867550425,7.004264015708369,0.08259481344323,0.12599210498948735,0.10201124647276179,5,0,5,0.0,False
3,6,6.045677937804893,8.114840867550425,7.004264015708369,0.12599210498948735,0.19219137204774617,0.1556103965842683,21,0,21,0.0,False
3,7,6.045677937804893,8.114840867550425,7.004264015708369,0.19219137204774617,0.29317331822241716,0.23737182283699315,6,0,6,0.0,False
3,8,6.045677937804893,8.114840867550425,7.004264015708369,0.29317331822241716,0.447213595499958,0.3620926590624291,45,0,45,0.0,False
3,9,6.045677937804893,8.114840867550425,7.004264015708369,0.447213595499958,0.6821903207721969,0.5523448073149632,42,0,42,0.0,False
3,10,6.045677937804893,8.114840867550425,7.004264015708369,0.6821903207721969,1.040629440692656,0.8425599871529117,53,0,53,0.0,True
3,11,6.045677937804893,8.114840867550425,7.004264015708369,1.040629440692656,1.5874010519682002,1.2852611675704677,42,0,42,0.0,False
3,12,6.045677937804893,8.114840867550425,7.004264015708369,1.5874010519682002,2.4214595525113247,1.960568142390089,37,0,37,0.0,False
3,13,6.045677937804893,8.114840867550425,7.004264015708369,2.4214595525113247,3.6937523489595185,2.990697562442443,29,0,29,0.0,False
3,14,6.045677937804893,8.114840867550425,7.004264015708369,3.6937523489595185,5.6345382276956855,4.5620816316516235,9,0,9,0.0,False
3,15,6.045677937804893,8.114840867550425,7.004264015708369,5.6345382276956855,8.595059451754269,6.959108495362503,7,1,6,0.14285714285714285,False
3,16,6.045677937804893,8.114840867550425,7.004264015708369,8.595059451754269,13.111109374690052,10.615590636131074,2,0,2,0.0,False
3,17,6.045677937804893,8.114840867550425,7.004264015708369,13.111109374690052,20.0,16.193275996344934,0,0,0,,False
4,0,8.114840867550425,10.892184959752594,9.401507732715983,0.01,0.015254239308390182,0.012350805361752804,0,0,0,,False
4,1,8.114840867550425,10.892184959752594,9.401507732715983,0.015254239308390182,0.02326918168776363,0.01884021406395259,1,0,1,0.0,False
4,2,8.114840867550425,10.892184959752594,9.401507732715983,0.02326918168776363,0.035495366597555714,0.028739313395283128,2,0,2,0.0,False
4,3,8.114840867550425,10.892184959752594,9.401507732715983,0.035495366597555714,0.05414548164181543,0.043839636409047256,2,0,2,0.0,False
4,4,8.114840867550425,10.892184959752594,9.401507732715983,0.05414548164181543,0.08259481344323,0.0668740304976422,12,0,12,0.0,False
4,5,8.114840867550425,10.892184959752594,9.401507732715983,0.08259481344323,0.12599210498948735,0.10201124647276179,25,0,25,0.0,False
4,6,8.114840867550425,10.892184959752594,9.401507732715983,0.12599210498948735,0.19219137204774617,0.1556103965842683,42,0,42,0.0,False
4,7,8.114840867550425,10.892184959752594,9.401507732715983,0.19219137204774617,0.29317331822241716,0.23737182283699315,80,0,80,0.0,True
4,8,8.114840867550425,10.892184959752594,9.401507732715983,0.29317331822241716,0.447213595499958,0.3620926590624291,111,0,111,0.0,True
4,9,8.114840867550425,10.892184959752594,9.401507732715983,0.447213595499958,0.6821903207721969,0.5523448073149632,134,0,134,0.0,True
4,10,8.114840867550425,10.892184959752594,9.401507732715983,0.6821903207721969,1.040629440692656,0.8425599871529117,144,1,143,0.006944444444444444,True
4,11,8.114840867550425,10.892184959752594,9.401507732715983,1.040629440692656,1.5874010519682002,1.2852611675704677,142,1,141,0.007042253521126761,True
4,12,8.114840867550425,10.892184959752594,9.401507732715983,1.5874010519682002,2.4214595525113247,1.960568142390089,139,3,136,0.02158273381294964,True
4,13,8.114840867550425,10.892184959752594,9.401507732715983,2.4214595525113247,3.6937523489595185,2.990697562442443,76,9,67,0.11842105263157894,True
4,14,8.114840867550425,10.892184959752594,9.401507732715983,3.6937523489595185,5.6345382276956855,4.5620816316516235,39,9,30,0.23076923076923078,False
4,15,8.114840867550425,10.892184959752594,9.401507732715983,5.6345382276956855,8.595059451754269,6.959108495362503,10,3,7,0.3,False
4,16,8.114840867550425,10.892184959752594,9.401507732715983,8.595059451754269,13.111109374690052,10.615590636131074,0,0,0,,False
4,17,8.114840867550425,10.892184959752594,9.401507732715983,13.111109374690052,20.0,16.193275996344934,0,0,0,,False
5,0,10.892184959752594,14.620088691064332,12.619219870937343,0.01,0.015254239308390182,0.012350805361752804,0,0,0,,False
5,1,10.892184959752594,14.620088691064332,12.619219870937343,0.015254239308390182,0.02326918168776363,0.01884021406395259,4,0,4,0.0,False
5,2,10.892184959752594,14.620088691064332,12.619219870937343,0.02326918168776363,0.035495366597555714,0.028739313395283128,2,0,2,0.0,False
5,3,10.892184959752594,14.620088691064332,12.619219870937343,0.035495366597555714,0.05414548164181543,0.043839636409047256,3,0,3,0.0,False
5,4,10.892184959752594,14.620088691064332,12.619219870937343,0.05414548164181543,0.08259481344323,0.0668740304976422,28,0,28,0.0,False
5,5,10.892184959752594,14.620088691064332,12.619219870937343,0.08259481344323,0.12599210498948735,0.10201124647276179,60,0,60,0.0,True
5,6,10.892184959752594,14.620088691064332,12.619219870937343,0.12599210498948735,0.19219137204774617,0.1556103965842683,116,0,116,0.0,True
5,7,10.892184959752594,14.620088691064332,12.619219870937343,0.19219137204774617,0.29317331822241716,0.23737182283699315,169,0,169,0.0,True
5,8,10.892184959752594,14.620088691064332,12.619219870937343,0.29317331822241716,0.447213595499958,0.3620926590624291,300,4,296,0.013333333333333334,True
5,9,10.892184959752594,14.620088691064332,12.619219870937343,0.447213595499958,0.6821903207721969,0.5523448073149632,351,2,349,0.005698005698005698,True
5,10,10.892184959752594,14.620088691064332,12.619219870937343,0.6821903207721969,1.040629440692656,0.8425599871529117,391,16,375,0.04092071611253197,True
5,11,10.892184959752594,14.620088691064332,12.619219870937343,1.040629440692656,1.5874010519682002,1.2852611675704677,442,20,422,0.04524886877828054,True
5,12,10.892184959752594,14.620088691064332,12.619219870937343,1.5874010519682002,2.4214595525113247,1.960568142390089,370,54,316,0.14594594594594595,True
5,13,10.892184959752594,14.620088691064332,12.619219870937343,2.4214595525113247,3.6937523489595185,2.990697562442443,201,49,152,0.24378109452736318,True
5,14,10.892184959752594,14.620088691064332,12.619219870937343,3.6937523489595185,5.6345382276956855,4.5620816316516235,93,45,48,0.4838709677419355,True
5,15,10.892184959752594,14.620088691064332,12.619219870937343,5.6345382276956855,8.595059451754269,6.959108495362503,10,5,5,0.5,False
5,16,10.892184959752594,14.620088691064332,12.619219870937343,8.595059451754269,13.111109374690052,10.615590636131074,1,0,1,0.0,False
5,17,10.892184959752594,14.620088691064332,12.619219870937343,13.111109374690052,20.0,16.193275996344934,1,1,0,1.0,False
6,0,14.620088691064332,19.623885760698847,16.93820977213152,0.01,0.015254239308390182,0.012350805361752804,1,0,1,0.0,False
6,1,14.620088691064332,19.623885760698847,16.93820977213152,0.015254239308390182,0.02326918168776363,0.01884021406395259,1,0,1,0.0,False
6,2,14.620088691064332,19.623885760698847,16.93820977213152,0.02326918168776363,0.035495366597555714,0.028739313395283128,8,0,8,0.0,False
6,3,14.620088691064332,19.623885760698847,16.93820977213152,0.035495366597555714,0.05414548164181543,0.043839636409047256,23,0,23,0.0,False
6,4,14.620088691064332,19.623885760698847,16.93820977213152,0.05414548164181543,0.08259481344323,0.0668740304976422,38,0,38,0.0,False
6,5,14.620088691064332,19.623885760698847,16.93820977213152,0.08259481344323,0.12599210498948735,0.10201124647276179,120,1,119,0.008333333333333333,True
6,6,14.620088691064332,19.623885760698847,16.93820977213152,0.12599210498948735,0.19219137204774617,0.1556103965842683,245,0,245,0.0,True
6,7,14.620088691064332,19.623885760698847,16.93820977213152,0.19219137204774617,0.29317331822241716,0.23737182283699315,415,4,411,0.00963855421686747,True
6,8,14.620088691064332,19.623885760698847,16.93820977213152,0.29317331822241716,0.447213595499958,0.3620926590624291,714,10,704,0.014005602240896359,True
6,9,14.620088691064332,19.623885760698847,16.93820977213152,0.447213595499958,0.6821903207721969,0.5523448073149632,894,52,842,0.058165548098434,True
6,10,14.620088691064332,19.623885760698847,16.93820977213152,0.6821903207721969,1.040629440692656,0.8425599871529117,1147,136,1011,0.11857018308631212,True
6,11,14.620088691064332,19.623885760698847,16.93820977213152,1.040629440692656,1.5874010519682002,1.2852611675704677,1097,263,834,0.2397447584320875,True
6,12,14.620088691064332,19.623885760698847,16.93820977213152,1.5874010519682002,2.4214595525113247,1.960568142390089,747,253,494,0.3386880856760375,True
6,13,14.620088691064332,19.623885760698847,16.93820977213152,2.4214595525113247,3.6937523489595185,2.990697562442443,356,196,160,0.550561797752809,True
6,14,14.620088691064332,19.623885760698847,16.93820977213152,3.6937523489595185,5.6345382276956855,4.5620816316516235,113,69,44,0.6106194690265486,True
6,15,14.620088691064332,19.623885760698847,16.93820977213152,5.6345382276956855,8.595059451754269,6.959108495362503,19,16,3,0.8421052631578947,False
6,16,14.620088691064332,19.623885760698847,16.93820977213152,8.595059451754269,13.111109374690052,10.615590636131074,1,1,0,1.0,False
6,17,14.620088691064332,19.623885760698847,16.93820977213152,13.111109374690052,20.0,16.193275996344934,0,0,0,,False
7,0,19.623885760698847,26.340256922266605,22.735395152713245,0.01,0.015254239308390182,0.012350805361752804,1,0,1,0.0,False
7,1,19.623885760698847,26.340256922266605,22.735395152713245,0.015254239308390182,0.02326918168776363,0.01884021406395259,2,0,2,0.0,False
7,2,19.623885760698847,26.340256922266605,22.735395152713245,0.02326918168776363,0.035495366597555714,0.028739313395283128,7,0,7,0.0,False
7,3,19.623885760698847,26.340256922266605,22.735395152713245,0.035495366597555714,0.05414548164181543,0.043839636409047256,33,0,33,0.0,False
7,4,19.623885760698847,26.340256922266605,22.735395152713245,0.05414548164181543,0.08259481344323,0.0668740304976422,98,0,98,0.0,True
7,5,19.623885760698847,26.340256922266605,22.735395152713245,0.08259481344323,0.12599210498948735,0.10201124647276179,220,0,220,0.0,True
7,6,19.623885760698847,26.340256922266605,22.735395152713245,0.12599210498948735,0.19219137204774617,0.1556103965842683,475,6,469,0.01263157894736842,True
7,7,19.623885760698847,26.340256922266605,22.735395152713245,0.19219137204774617,0.29317331822241716,0.23737182283699315,937,38,899,0.04055496264674493,True
7,8,19.623885760698847,26.340256922266605,22.735395152713245,0.29317331822241716,0.447213595499958,0.3620926590624291,1559,115,1444,0.07376523412443874,True
7,9,19.623885760698847,26.340256922266605,22.735395152713245,0.447213595499958,0.6821903207721969,0.5523448073149632,2247,359,1888,0.159768580329328,True
7,10,19.623885760698847,26.340256922266605,22.735395152713245,0.6821903207721969,1.040629440692656,0.8425599871529117,2471,716,1755,0.2897612302711453,True
7,11,19.623885760698847,26.340256922266605,22.735395152713245,1.040629440692656,1.5874010519682002,1.2852611675704677,2205,925,1280,0.41950113378684806,True
7,12,19.623885760698847,26.340256922266605,22.735395152713245,1.5874010519682002,2.4214595525113247,1.960568142390089,1291,746,545,0.5778466305189776,True
7,13,19.623885760698847,26.340256922266605,22.735395152713245,2.4214595525113247,3.6937523489595185,2.990697562442443,475,366,109,0.7705263157894737,True
7,14,19.623885760698847,26.340256922266605,22.735395152713245,3.6937523489595185,5.6345382276956855,4.5620816316516235,111,88,23,0.7927927927927928,True
7,15,19.623885760698847,26.340256922266605,22.735395152713245,5.6345382276956855,8.595059451754269,6.959108495362503,26,19,7,0.7307692307692307,False
7,16,19.623885760698847,26.340256922266605,22.735395152713245,8.595059451754269,13.111109374690052,10.615590636131074,1,1,0,1.0,False
7,17,19.623885760698847,26.340256922266605,22.735395152713245,13.111109374690052,20.0,16.193275996344934,0,0,0,,False
8,0,26.340256922266605,35.35533905932737,30.516695666413995,0.01,0.015254239308390182,0.012350805361752804,1,0,1,0.0,False
8,1,26.340256922266605,35.35533905932737,30.516695666413995,0.015254239308390182,0.02326918168776363,0.01884021406395259,4,0,4,0.0,False
8,2,26.340256922266605,35.35533905932737,30.516695666413995,0.02326918168776363,0.035495366597555714,0.028739313395283128,14,0,14,0.0,False
8,3,26.340256922266605,35.35533905932737,30.516695666413995,0.035495366597555714,0.05414548164181543,0.043839636409047256,44,0,44,0.0,False
8,4,26.340256922266605,35.35533905932737,30.516695666413995,0.05414548164181543,0.08259481344323,0.0668740304976422,151,2,149,0.013245033112582781,True
8,5,26.340256922266605,35.35533905932737,30.516695666413995,0.08259481344323,0.12599210498948735,0.10201124647276179,394,12,382,0.030456852791878174,True
8,6,26.340256922266605,35.35533905932737,30.516695666413995,0.12599210498948735,0.19219137204774617,0.1556103965842683,811,41,770,0.05055487053020962,True
8,7,26.340256922266605,35.35533905932737,30.516695666413995,0.19219137204774617,0.29317331822241716,0.23737182283699315,1704,192,1512,0.11267605633802817,True
8,8,26.340256922266605,35.35533905932737,30.516695666413995,0.29317331822241716,0.447213595499958,0.3620926590624291,3031,618,2413,0.20389310458594523,True
8,9,26.340256922266605,35.35533905932737,30.516695666413995,0.447213595499958,0.6821903207721969,0.5523448073149632,4343,1371,2972,0.3156804052498273,True
8,10,26.340256922266605,35.35533905932737,30.516695666413995,0.6821903207721969,1.040629440692656,0.8425599871529117,4680,2167,2513,0.46303418803418805,True
8,11,26.340256922266605,35.35533905932737,30.516695666413995,1.040629440692656,1.5874010519682002,1.2852611675704677,3538,2307,1231,0.652063312605992,True
8,12,26.340256922266605,35.35533905932737,30.516695666413995,1.5874010519682002,2.4214595525113247,1.960568142390089,1700,1339,361,0.7876470588235294,True
8,13,26.340256922266605,35.35533905932737,30.516695666413995,2.4214595525113247,3.6937523489595185,2.990697562442443,522,432,90,0.8275862068965517,True
8,14,26.340256922266605,35.35533905932737,30.516695666413995,3.6937523489595185,5.6345382276956855,4.5620816316516235,104,90,14,0.8653846153846154,True
8,15,26.340256922266605,35.35533905932737,30.516695666413995,5.6345382276956855,8.595059451754269,6.959108495362503,17,17,0,1.0,False
8,16,26.340256922266605,35.35533905932737,30.516695666413995,8.595059451754269,13.111109374690052,10.615590636131074,6,5,1,0.8333333333333334,False
8,17,26.340256922266605,35.35533905932737,30.516695666413995,13.111109374690052,20.0,16.193275996344934,0,0,0,,False
9,0,35.35533905932737,47.455877278984254,40.9611844501147,0.01,0.015254239308390182,0.012350805361752804,5,0,5,0.0,False
9,1,35.35533905932737,47.455877278984254,40.9611844501147,0.015254239308390182,0.02326918168776363,0.01884021406395259,5,0,5,0.0,False
9,2,35.35533905932737,47.455877278984254,40.9611844501147,0.02326918168776363,0.035495366597555714,0.028739313395283128,17,0,17,0.0,False
9,3,35.35533905932737,47.455877278984254,40.9611844501147,0.035495366597555714,0.05414548164181543,0.043839636409047256,75,0,75,0.0,True
9,4,35.35533905932737,47.455877278984254,40.9611844501147,0.05414548164181543,0.08259481344323,0.0668740304976422,222,5,217,0.02252252252252252,True
9,5,35.35533905932737,47.455877278984254,40.9611844501147,0.08259481344323,0.12599210498948735,0.10201124647276179,617,39,578,0.06320907617504051,True
9,6,35.35533905932737,47.455877278984254,40.9611844501147,0.12599210498948735,0.19219137204774617,0.1556103965842683,1438,178,1260,0.12378303198887343,True
9,7,35.35533905932737,47.455877278984254,40.9611844501147,0.19219137204774617,0.29317331822241716,0.23737182283699315,3074,632,2442,0.20559531554977228,True
9,8,35.35533905932737,47.455877278984254,40.9611844501147,0.29317331822241716,0.447213595499958,0.3620926590624291,5323,1754,3569,0.3295134322750329,True
9,9,35.35533905932737,47.455877278984254,40.9611844501147,0.447213595499958,0.6821903207721969,0.5523448073149632,7511,3803,3708,0.506324058048196,True
9,10,35.35533905932737,47.455877278984254,40.9611844501147,0.6821903207721969,1.040629440692656,0.8425599871529117,7207,4884,2323,0.6776744831413903,True
9,11,35.35533905932737,47.455877278984254,40.9611844501147,1.040629440692656,1.5874010519682002,1.2852611675704677,4648,3722,926,0.8007745266781411,True
9,12,35.35533905932737,47.455877278984254,40.9611844501147,1.5874010519682002,2.4214595525113247,1.960568142390089,1870,1618,252,0.8652406417112299,True
9,13,35.35533905932737,47.455877278984254,40.9611844501147,2.4214595525113247,3.6937523489595185,2.990697562442443,474,410,64,0.8649789029535865,True
9,14,35.35533905932737,47.455877278984254,40.9611844501147,3.6937523489595185,5.6345382276956855,4.5620816316516235,104,94,10,0.9038461538461539,True
9,15,35.35533905932737,47.455877278984254,40.9611844501147,5.6345382276956855,8.595059451754269,6.959108495362503,17,13,4,0.7647058823529411,False
9,16,35.35533905932737,47.455877278984254,40.9611844501147,8.595059451754269,13.111109374690052,10.615590636131074,2,2,0,1.0,False
9,17,35.35533905932737,47.455877278984254,40.9611844501147,13.111109374690052,20.0,16.193275996344934,0,0,0,,False
10,0,47.455877278984254,63.69788406042391,54.980350752813905,0.01,0.015254239308390182,0.012350805361752804,1,0,1,0.0,False
10,1,47.455877278984254,63.69788406042391,54.980350752813905,0.015254239308390182,0.02326918168776363,0.01884021406395259,8,0,8,0.0,False
10,2,47.455877278984254,63.69788406042391,54.980350752813905,0.02326918168776363,0.035495366597555714,0.028739313395283128,15,0,15,0.0,False
10,3,47.455877278984254,63.69788406042391,54.980350752813905,0.035495366597555714,0.05414548164181543,0.043839636409047256,70,0,70,0.0,True
10,4,47.455877278984254,63.69788406042391,54.980350752813905,0.05414548164181543,0.08259481344323,0.0668740304976422,300,20,280,0.06666666666666667,True
10,5,47.455877278984254,63.69788406042391,54.980350752813905,0.08259481344323,0.12599210498948735,0.10201124647276179,869,117,752,0.13463751438434982,True
10,6,47.455877278984254,63.69788406042391,54.980350752813905,0.12599210498948735,0.19219137204774617,0.1556103965842683,2287,499,1788,0.21818976825535635,True
10,7,47.455877278984254,63.69788406042391,54.980350752813905,0.19219137204774617,0.29317331822241716,0.23737182283699315,4624,1624,3000,0.35121107266435986,True
10,8,47.455877278984254,63.69788406042391,54.980350752813905,0.29317331822241716,0.447213595499958,0.3620926590624291,7926,4065,3861,0.5128690386071159,True
10,9,47.455877278984254,63.69788406042391,54.980350752813905,0.447213595499958,0.6821903207721969,0.5523448073149632,9960,6772,3188,0.6799196787148595,True
10,10,47.455877278984254,63.69788406042391,54.980350752813905,0.6821903207721969,1.040629440692656,0.8425599871529117,8639,6905,1734,0.7992823243430953,True
10,11,47.455877278984254,63.69788406042391,54.980350752813905,1.040629440692656,1.5874010519682002,1.2852611675704677,4845,4213,632,0.8695562435500516,True
10,12,47.455877278984254,63.69788406042391,54.980350752813905,1.5874010519682002,2.4214595525113247,1.960568142390089,1687,1494,193,0.8855957320687611,True
10,13,47.455877278984254,63.69788406042391,54.980350752813905,2.4214595525113247,3.6937523489595185,2.990697562442443,396,328,68,0.8282828282828283,True
10,14,47.455877278984254,63.69788406042391,54.980350752813905,3.6937523489595185,5.6345382276956855,4.5620816316516235,72,63,9,0.875,True
10,15,47.455877278984254,63.69788406042391,54.980350752813905,5.6345382276956855,8.595059451754269,6.959108495362503,9,7,2,0.7777777777777778,False
10,16,47.455877278984254,63.69788406042391,54.980350752813905,8.595059451754269,13.111109374690052,10.615590636131074,1,1,0,1.0,False
10,17,47.455877278984254,63.69788406042391,54.980350752813905,13.111109374690052,20.0,16.193275996344934,0,0,0,,False
11,0,63.69788406042391,85.4987973338348,73.79764549005809,0.01,0.015254239308390182,0.012350805361752804,1,0,1,0.0,False
11,1,63.69788406042391,85.4987973338348,73.79764549005809,0.015254239308390182,0.02326918168776363,0.01884021406395259,6,0,6,0.0,False
11,2,63.69788406042391,85.4987973338348,73.79764549005809,0.02326918168776363,0.035495366597555714,0.028739313395283128,17,0,17,0.0,False
11,3,63.69788406042391,85.4987973338348,73.79764549005809,0.035495366597555714,0.05414548164181543,0.043839636409047256,103,5,98,0.04854368932038835,True
11,4,63.69788406042391,85.4987973338348,73.79764549005809,0.05414548164181543,0.08259481344323,0.0668740304976422,351,48,303,0.13675213675213677,True
11,5,63.69788406042391,85.4987973338348,73.79764549005809,0.08259481344323,0.12599210498948735,0.10201124647276179,1052,221,831,0.21007604562737642,True
11,6,63.69788406042391,85.4987973338348,73.79764549005809,0.12599210498948735,0.19219137204774617,0.1556103965842683,2691,1031,1660,0.38312894834633965,True
11,7,63.69788406042391,85.4987973338348,73.79764549005809,0.19219137204774617,0.29317331822241716,0.23737182283699315,5543,3041,2502,0.5486198809309039,True
11,8,63.69788406042391,85.4987973338348,73.79764549005809,0.29317331822241716,0.447213595499958,0.3620926590624291,8776,6196,2580,0.7060164083865087,True
11,9,63.69788406042391,85.4987973338348,73.79764549005809,0.447213595499958,0.6821903207721969,0.5523448073149632,10589,8491,2098,0.8018698649541978,True
11,10,63.69788406042391,85.4987973338348,73.79764549005809,0.6821903207721969,1.040629440692656,0.8425599871529117,8445,7314,1131,0.8660746003552398,True
11,11,63.69788406042391,85.4987973338348,73.79764549005809,1.040629440692656,1.5874010519682002,1.2852611675704677,4250,3765,485,0.8858823529411765,True
11,12,63.69788406042391,85.4987973338348,73.79764549005809,1.5874010519682002,2.4214595525113247,1.960568142390089,1373,1167,206,0.8499635833940277,True
11,13,63.69788406042391,85.4987973338348,73.79764549005809,2.4214595525113247,3.6937523489595185,2.990697562442443,313,269,44,0.8594249201277955,True
11,14,63.69788406042391,85.4987973338348,73.79764549005809,3.6937523489595185,5.6345382276956855,4.5620816316516235,61,53,8,0.8688524590163934,True
11,15,63.69788406042391,85.4987973338348,73.79764549005809,5.6345382276956855,8.595059451754269,6.959108495362503,7,6,1,0.8571428571428571,False
11,16,63.69788406042391,85.4987973338348,73.79764549005809,8.595059451754269,13.111109374690052,10.615590636131074,0,0,0,,False
11,17,63.69788406042391,85.4987973338348,73.79764549005809,13.111109374690052,20.0,16.193275996344934,0,0,0,,False
12,0,85.4987973338348,114.7611801138926,99.05525165456609,0.01,0.015254239308390182,0.012350805361752804,0,0,0,,False
12,1,85.4987973338348,114.7611801138926,99.05525165456609,0.015254239308390182,0.02326918168776363,0.01884021406395259,1,1,0,1.0,False
12,2,85.4987973338348,114.7611801138926,99.05525165456609,0.02326918168776363,0.035495366597555714,0.028739313395283128,21,2,19,0.09523809523809523,False
12,3,85.4987973338348,114.7611801138926,99.05525165456609,0.035495366597555714,0.05414548164181543,0.043839636409047256,88,7,81,0.07954545454545454,True
12,4,85.4987973338348,114.7611801138926,99.05525165456609,0.05414548164181543,0.08259481344323,0.0668740304976422,342,99,243,0.2894736842105263,True
12,5,85.4987973338348,114.7611801138926,99.05525165456609,0.08259481344323,0.12599210498948735,0.10201124647276179,1108,480,628,0.4332129963898917,True
12,6,85.4987973338348,114.7611801138926,99.05525165456609,0.12599210498948735,0.19219137204774617,0.1556103965842683,2769,1651,1118,0.596244131455399,True
12,7,85.4987973338348,114.7611801138926,99.05525165456609,0.19219137204774617,0.29317331822241716,0.23737182283699315,5689,4122,1567,0.7245561610124802,True
12,8,85.4987973338348,114.7611801138926,99.05525165456609,0.29317331822241716,0.447213595499958,0.3620926590624291,8558,7097,1461,0.8292825426501519,True
12,9,85.4987973338348,114.7611801138926,99.05525165456609,0.447213595499958,0.6821903207721969,0.5523448073149632,9287,8204,1083,0.8833853774092818,True
12,10,85.4987973338348,114.7611801138926,99.05525165456609,0.6821903207721969,1.040629440692656,0.8425599871529117,6652,5997,655,0.9015333734215274,True
12,11,85.4987973338348,114.7611801138926,99.05525165456609,1.040629440692656,1.5874010519682002,1.2852611675704677,3132,2688,444,0.8582375478927203,True
12,12,85.4987973338348,114.7611801138926,99.05525165456609,1.5874010519682002,2.4214595525113247,1.960568142390089,986,799,187,0.8103448275862069,True
12,13,85.4987973338348,114.7611801138926,99.05525165456609,2.4214595525113247,3.6937523489595185,2.990697562442443,194,156,38,0.8041237113402062,True
12,14,85.4987973338348,114.7611801138926,99.05525165456609,3.6937523489595185,5.6345382276956855,4.5620816316516235,46,41,5,0.8913043478260869,False
12,15,85.4987973338348,114.7611801138926,99.05525165456609,5.6345382276956855,8.595059451754269,6.959108495362503,13,9,4,0.6923076923076923,False
12,16,85.4987973338348,114.7611801138926,99.05525165456609,8.595059451754269,13.111109374690052,10.615590636131074,1,1,0,1.0,False
12,17,85.4987973338348,114.7611801138926,99.05525165456609,13.111109374690052,20.0,16.193275996344934,0,0,0,,False
13,0,114.7611801138926,154.03875693958364,132.95739742362468,0.01,0.015254239308390182,0.012350805361752804,1,0,1,0.0,False
13,1,114.7611801138926,154.03875693958364,132.95739742362468,0.015254239308390182,0.02326918168776363,0.01884021406395259,3,0,3,0.0,False
13,2,114.7611801138926,154.03875693958364,132.95739742362468,0.02326918168776363,0.035495366597555714,0.028739313395283128,18,1,17,0.05555555555555555,False
13,3,114.7611801138926,154.03875693958364,132.95739742362468,0.035495366597555714,0.05414548164181543,0.043839636409047256,87,31,56,0.3563218390804598,True
13,4,114.7611801138926,154.03875693958364,132.95739742362468,0.05414548164181543,0.08259481344323,0.0668740304976422,337,160,177,0.47477744807121663,True
13,5,114.7611801138926,154.03875693958364,132.95739742362468,0.08259481344323,0.12599210498948735,0.10201124647276179,1173,744,429,0.6342710997442456,True
13,6,114.7611801138926,154.03875693958364,132.95739742362468,0.12599210498948735,0.19219137204774617,0.1556103965842683,3081,2338,743,0.7588445309964297,True
13,7,114.7611801138926,154.03875693958364,132.95739742362468,0.19219137204774617,0.29317331822241716,0.23737182283699315,6080,5249,831,0.8633223684210526,True
13,8,114.7611801138926,154.03875693958364,132.95739742362468,0.29317331822241716,0.447213595499958,0.3620926590624291,8236,7418,818,0.9006799417192812,True
13,9,114.7611801138926,154.03875693958364,132.95739742362468,0.447213595499958,0.6821903207721969,0.5523448073149632,8086,7414,672,0.9168933959930744,True
13,10,114.7611801138926,154.03875693958364,132.95739742362468,0.6821903207721969,1.040629440692656,0.8425599871529117,5403,4828,575,0.8935776420507126,True
13,11,114.7611801138926,154.03875693958364,132.95739742362468,1.040629440692656,1.5874010519682002,1.2852611675704677,2361,1911,450,0.8094027954256671,True
13,12,114.7611801138926,154.03875693958364,132.95739742362468,1.5874010519682002,2.4214595525113247,1.960568142390089,689,520,169,0.7547169811320755,True
13,13,114.7611801138926,154.03875693958364,132.95739742362468,2.4214595525113247,3.6937523489595185,2.990697562442443,154,100,54,0.6493506493506493,True
13,14,114.7611801138926,154.03875693958364,132.95739742362468,3.6937523489595185,5.6345382276956855,4.5620816316516235,29,21,8,0.7241379310344828,False
13,15,114.7611801138926,154.03875693958364,132.95739742362468,5.6345382276956855,8.595059451754269,6.959108495362503,2,1,1,0.5,False
13,16,114.7611801138926,154.03875693958364,132.95739742362468,8.595059451754269,13.111109374690052,10.615590636131074,1,1,0,1.0,False
13,17,114.7611801138926,154.03875693958364,132.95739742362468,13.111109374690052,20.0,16.193275996344934,0,0,0,,False
14,0,154.03875693958364,206.7592771000067,178.46271888047642,0.01,0.015254239308390182,0.012350805361752804,0,0,0,,False
14,1,154.03875693958364,206.7592771000067,178.46271888047642,0.015254239308390182,0.02326918168776363,0.01884021406395259,8,2,6,0.25,False
14,2,154.03875693958364,206.7592771000067,178.46271888047642,0.02326918168776363,0.035495366597555714,0.028739313395283128,17,5,12,0.29411764705882354,False
14,3,154.03875693958364,206.7592771000067,178.46271888047642,0.035495366597555714,0.05414548164181543,0.043839636409047256,76,38,38,0.5,True
14,4,154.03875693958364,206.7592771000067,178.46271888047642,0.05414548164181543,0.08259481344323,0.0668740304976422,379,237,142,0.6253298153034301,True
14,5,154.03875693958364,206.7592771000067,178.46271888047642,0.08259481344323,0.12599210498948735,0.10201124647276179,1393,1058,335,0.7595118449389806,True
14,6,154.03875693958364,206.7592771000067,178.46271888047642,0.12599210498948735,0.19219137204774617,0.1556103965842683,3492,2942,550,0.8424971363115693,True
14,7,154.03875693958364,206.7592771000067,178.46271888047642,0.19219137204774617,0.29317331822241716,0.23737182283699315,6384,5800,584,0.9085213032581454,True
14,8,154.03875693958364,206.7592771000067,178.46271888047642,0.29317331822241716,0.447213595499958,0.3620926590624291,8032,7396,636,0.920816733067729,True
14,9,154.03875693958364,206.7592771000067,178.46271888047642,0.447213595499958,0.6821903207721969,0.5523448073149632,7315,6613,702,0.9040328092959672,True
14,10,154.03875693958364,206.7592771000067,178.46271888047642,0.6821903207721969,1.040629440692656,0.8425599871529117,4436,3562,874,0.80297565374211,True
14,11,154.03875693958364,206.7592771000067,178.46271888047642,1.040629440692656,1.5874010519682002,1.2852611675704677,1837,1291,546,0.7027762656505171,True
14,12,154.03875693958364,206.7592771000067,178.46271888047642,1.5874010519682002,2.4214595525113247,1.960568142390089,517,311,206,0.6015473887814313,True
14,13,154.03875693958364,206.7592771000067,178.46271888047642,2.4214595525113247,3.6937523489595185,2.990697562442443,118,69,49,0.5847457627118644,True
14,14,154.03875693958364,206.7592771000067,178.46271888047642,3.6937523489595185,5.6345382276956855,4.5620816316516235,24,13,11,0.5416666666666666,False
14,15,154.03875693958364,206.7592771000067,178.46271888047642,5.6345382276956855,8.595059451754269,6.959108495362503,3,3,0,1.0,False
14,16,154.03875693958364,206.7592771000067,178.46271888047642,8.595059451754269,13.111109374690052,10.615590636131074,0,0,0,,False
14,17,154.03875693958364,206.7592771000067,178.46271888047642,13.111109374690052,20.0,16.193275996344934,0,0,0,,False
15,0,206.7592771000067,277.5236538924056,239.54245982068866,0.01,0.015254239308390182,0.012350805361752804,1,0,1,0.0,False
15,1,206.7592771000067,277.5236538924056,239.54245982068866,0.015254239308390182,0.02326918168776363,0.01884021406395259,3,1,2,0.3333333333333333,False
15,2,206.7592771000067,277.5236538924056,239.54245982068866,0.02326918168776363,0.035495366597555714,0.028739313395283128,12,5,7,0.4166666666666667,False
15,3,206.7592771000067,277.5236538924056,239.54245982068866,0.035495366597555714,0.05414548164181543,0.043839636409047256,82,53,29,0.6463414634146342,True
15,4,206.7592771000067,277.5236538924056,239.54245982068866,0.05414548164181543,0.08259481344323,0.0668740304976422,400,298,102,0.745,True
15,5,206.7592771000067,277.5236538924056,239.54245982068866,0.08259481344323,0.12599210498948735,0.10201124647276179,1369,1098,271,0.802045288531775,True
15,6,206.7592771000067,277.5236538924056,239.54245982068866,0.12599210498948735,0.19219137204774617,0.1556103965842683,3398,2981,417,0.8772807533843437,True
15,7,206.7592771000067,277.5236538924056,239.54245982068866,0.19219137204774617,0.29317331822241716,0.23737182283699315,5643,5124,519,0.9080276448697502,True
15,8,206.7592771000067,277.5236538924056,239.54245982068866,0.29317331822241716,0.447213595499958,0.3620926590624291,6652,5984,668,0.899579073962718,True
15,9,206.7592771000067,277.5236538924056,239.54245982068866,0.447213595499958,0.6821903207721969,0.5523448073149632,5743,4807,936,0.8370189796273725,True
15,10,206.7592771000067,277.5236538924056,239.54245982068866,0.6821903207721969,1.040629440692656,0.8425599871529117,3332,2385,947,0.7157863145258103,True
15,11,206.7592771000067,277.5236538924056,239.54245982068866,1.040629440692656,1.5874010519682002,1.2852611675704677,1371,838,533,0.611232676878191,True
15,12,206.7592771000067,277.5236538924056,239.54245982068866,1.5874010519682002,2.4214595525113247,1.960568142390089,367,190,177,0.5177111716621253,True
15,13,206.7592771000067,277.5236538924056,239.54245982068866,2.4214595525113247,3.6937523489595185,2.990697562442443,87,47,40,0.5402298850574713,True
15,14,206.7592771000067,277.5236538924056,239.54245982068866,3.6937523489595185,5.6345382276956855,4.5620816316516235,12,7,5,0.5833333333333334,False
15,15,206.7592771000067,277.5236538924056,239.54245982068866,5.6345382276956855,8.595059451754269,6.959108495362503,3,1,2,0.3333333333333333,False
15,16,206.7592771000067,277.5236538924056,239.54245982068866,8.595059451754269,13.111109374690052,10.615590636131074,0,0,0,,False
15,17,206.7592771000067,277.5236538924056,239.54245982068866,13.111109374690052,20.0,16.193275996344934,0,0,0,,False
16,0,277.5236538924056,372.50748575861235,321.5270417087859,0.01,0.015254239308390182,0.012350805361752804,0,0,0,,False
16,1,277.5236538924056,372.50748575861235,321.5270417087859,0.015254239308390182,0.02326918168776363,0.01884021406395259,1,1,0,1.0,False
16,2,277.5236538924056,372.50748575861235,321.5270417087859,0.02326918168776363,0.035495366597555714,0.028739313395283128,13,7,6,0.5384615384615384,False
16,3,277.5236538924056,372.50748575861235,321.5270417087859,0.035495366597555714,0.05414548164181543,0.043839636409047256,62,41,21,0.6612903225806451,True
16,4,277.5236538924056,372.50748575861235,321.5270417087859,0.05414548164181543,0.08259481344323,0.0668740304976422,309,243,66,0.7864077669902912,True
16,5,277.5236538924056,372.50748575861235,321.5270417087859,0.08259481344323,0.12599210498948735,0.10201124647276179,1063,897,166,0.8438381937911571,True
16,6,277.5236538924056,372.50748575861235,321.5270417087859,0.12599210498948735,0.19219137204774617,0.1556103965842683,2575,2280,295,0.8854368932038835,True
16,7,277.5236538924056,372.50748575861235,321.5270417087859,0.19219137204774617,0.29317331822241716,0.23737182283699315,4311,3859,452,0.8951519369055904,True
16,8,277.5236538924056,372.50748575861235,321.5270417087859,0.29317331822241716,0.447213595499958,0.3620926590624291,4796,4202,594,0.8761467889908257,True
16,9,277.5236538924056,372.50748575861235,321.5270417087859,0.447213595499958,0.6821903207721969,0.5523448073149632,3887,2996,891,0.7707743761255467,True
16,10,277.5236538924056,372.50748575861235,321.5270417087859,0.6821903207721969,1.040629440692656,0.8425599871529117,2156,1435,721,0.6655844155844156,True
16,11,277.5236538924056,372.50748575861235,321.5270417087859,1.040629440692656,1.5874010519682002,1.2852611675704677,830,475,355,0.572289156626506,True
16,12,277.5236538924056,372.50748575861235,321.5270417087859,1.5874010519682002,2.4214595525113247,1.960568142390089,223,125,98,0.5605381165919282,True
16,13,277.5236538924056,372.50748575861235,321.5270417087859,2.4214595525113247,3.6937523489595185,2.990697562442443,52,19,33,0.36538461538461536,True
16,14,277.5236538924056,372.50748575861235,321.5270417087859,3.6937523489595185,5.6345382276956855,4.5620816316516235,5,2,3,0.4,False
16,15,277.5236538924056,372.50748575861235,321.5270417087859,5.6345382276956855,8.595059451754269,6.959108495362503,4,2,2,0.5,False
16,16,277.5236538924056,372.50748575861235,321.5270417087859,8.595059451754269,13.111109374690052,10.615590636131074,0,0,0,,False
16,17,277.5236538924056,372.50748575861235,321.5270417087859,13.111109374690052,20.0,16.193275996344934,0,0,0,,False
17,0,372.50748575861235,500.0,431.5712489025493,0.01,0.015254239308390182,0.012350805361752804,0,0,0,,False
17,1,372.50748575861235,500.0,431.5712489025493,0.015254239308390182,0.02326918168776363,0.01884021406395259,0,0,0,,False
17,2,372.50748575861235,500.0,431.5712489025493,0.02326918168776363,0.035495366597555714,0.028739313395283128,10,5,5,0.5,False
17,3,372.50748575861235,500.0,431.5712489025493,0.035495366597555714,0.05414548164181543,0.043839636409047256,50,37,13,0.74,True
17,4,372.50748575861235,500.0,431.5712489025493,0.05414548164181543,0.08259481344323,0.0668740304976422,190,158,32,0.8315789473684211,True
17,5,372.50748575861235,500.0,431.5712489025493,0.08259481344323,0.12599210498948735,0.10201124647276179,730,648,82,0.8876712328767123,True
17,6,372.50748575861235,500.0,431.5712489025493,0.12599210498948735,0.19219137204774617,0.1556103965842683,1677,1541,136,0.9189028026237328,True
17,7,372.50748575861235,500.0,431.5712489025493,0.19219137204774617,0.29317331822241716,0.23737182283699315,2620,2377,243,0.9072519083969466,True
17,8,372.50748575861235,500.0,431.5712489025493,0.29317331822241716,0.447213595499958,0.3620926590624291,2865,2449,416,0.8547993019197208,True
17,9,372.50748575861235,500.0,431.5712489025493,0.447213595499958,0.6821903207721969,0.5523448073149632,2242,1698,544,0.7573595004460303,True
17,10,372.50748575861235,500.0,431.5712489025493,0.6821903207721969,1.040629440692656,0.8425599871529117,1238,750,488,0.6058158319870759,True
17,11,372.50748575861235,500.0,431.5712489025493,1.040629440692656,1.5874010519682002,1.2852611675704677,477,260,217,0.5450733752620545,True
17,12,372.50748575861235,500.0,431.5712489025493,1.5874010519682002,2.4214595525113247,1.960568142390089,131,80,51,0.6106870229007634,True
17,13,372.50748575861235,500.0,431.5712489025493,2.4214595525113247,3.6937523489595185,2.990697562442443,34,18,16,0.5294117647058824,False
17,14,372.50748575861235,500.0,431.5712489025493,3.6937523489595185,5.6345382276956855,4.5620816316516235,3,0,3,0.0,False
17,15,372.50748575861235,500.0,431.5712489025493,5.6345382276956855,8.595059451754269,6.959108495362503,0,0,0,,False
17,16,372.50748575861235,500.0,431.5712489025493,8.595059451754269,13.111109374690052,10.615590636131074,0,0,0,,False
17,17,372.50748575861235,500.0,431.5712489025493,13.111109374690052,20.0,16.193275996344934,0,0,0,,False
