bin_index,class,piE_true_left,piE_true_right,piE_true_center,n,log10_relative_sigma68_q16,log10_relative_sigma68_median,log10_relative_sigma68_q84,shown_in_figure
0,confused_fspl_no_parallax,0.01,0.014126898277593725,0.011885662908560768,11,0.8625268799021117,1.7433268322152395,2.4222789215416203,False
0,parallax_detected,0.01,0.014126898277593725,0.011885662908560768,0,,,,False
1,confused_fspl_no_parallax,0.014126898277593725,0.019956925494548066,0.01679075508710068,26,0.02302523524540559,1.0478765739504095,2.15599620893989,False
1,parallax_detected,0.014126898277593725,0.019956925494548066,0.01679075508710068,1,-0.6199845542468898,-0.6199845542468898,-0.6199845542468898,False
2,confused_fspl_no_parallax,0.019956925494548066,0.028192945639499752,0.023720128911946078,73,-0.05864698872051046,0.5758587867580451,1.7498344857944517,True
2,parallax_detected,0.019956925494548066,0.028192945639499752,0.023720128911946078,7,-0.8223656554178358,-0.5547522783578989,-0.40949362864428807,False
3,confused_fspl_no_parallax,0.028192945639499752,0.03982788751949426,0.033509184827047234,177,0.05248047645203572,0.7336445391328492,1.6460094595957944,True
3,parallax_detected,0.028192945639499752,0.03982788751949426,0.033509184827047234,46,-0.9567741696880661,-0.6319972590904399,-0.2038214708783701,True
4,confused_fspl_no_parallax,0.03982788751949426,0.056264451559934,0.04733808454167833,594,-0.08760941619942174,0.5916361244632926,1.3955713361612339,True
4,parallax_detected,0.03982788751949426,0.056264451559934,0.04733808454167833,244,-1.0461014683454268,-0.674167666323796,-0.32232854904900987,True
5,confused_fspl_no_parallax,0.056264451559934,0.07948421838317876,0.06687403049764219,1548,-0.11382996140221939,0.4553105744159701,1.236519693283611,True
5,parallax_detected,0.056264451559934,0.07948421838317876,0.06687403049764219,990,-1.1357138619950233,-0.6869710258119535,-0.2985799890715027,True
6,confused_fspl_no_parallax,0.07948421838317876,0.11228654677732122,0.09447226262528921,3404,-0.18773930135881176,0.3547583778381719,1.128193833442336,True
6,parallax_detected,0.07948421838317876,0.11228654677732122,0.09447226262528921,3363,-1.1668037901318775,-0.7202439693938374,-0.2927372115804406,True
7,confused_fspl_no_parallax,0.11228654677732122,0.15862606242654864,0.13346000441615807,6322,-0.2011898024480648,0.31978869926888764,1.0421304961391307,True
7,parallax_detected,0.11228654677732122,0.15862606242654864,0.13346000441615807,8936,-1.2274815131823849,-0.7381574273183084,-0.2968758843329515,True
8,confused_fspl_no_parallax,0.15862606242654864,0.22408942480750846,0.18853759065142744,10025,-0.2199520543734865,0.2667890235864577,1.0039249409334723,True
8,parallax_detected,0.15862606242654864,0.22408942480750846,0.18853759065142744,18215,-1.290632353842353,-0.772871685614047,-0.27936977103485655,True
9,confused_fspl_no_parallax,0.22408942480750846,0.31656885093401615,0.26634513646353214,13603,-0.22800081192831456,0.25397696749459187,1.0049240871041265,True
9,parallax_detected,0.22408942480750846,0.31656885093401615,0.26634513646353214,30301,-1.3143686573857252,-0.7755231146909864,-0.2561643045846651,True
10,confused_fspl_no_parallax,0.31656885093401615,0.447213595499958,0.376263064955214,16283,-0.23176081880418903,0.24891213552914873,1.0231872365469015,True
10,parallax_detected,0.31656885093401615,0.447213595499958,0.376263064955214,39582,-1.3028113936317138,-0.7595559396903403,-0.21264254538476668,True
11,confused_fspl_no_parallax,0.447213595499958,0.6317740971984853,0.531543004423795,16550,-0.2564464135422603,0.23686766999512243,1.082306280319565,True
11,parallax_detected,0.447213595499958,0.6317740971984853,0.531543004423795,43360,-1.2702156310071344,-0.7236183267571714,-0.15926742576368125,True
12,confused_fspl_no_parallax,0.6317740971984853,0.8925008405541612,0.7509053953661503,13917,-0.26721441372849586,0.24672802326701523,1.1440671730353682,True
12,parallax_detected,0.6317740971984853,0.8925008405541612,0.7509053953661503,37487,-1.247165081575256,-0.6957681575572989,-0.10085384755293901,True
13,confused_fspl_no_parallax,0.8925008405541612,1.2608268587175546,1.060796413643391,9678,-0.2736276989518239,0.27724426646529066,1.3367036213489492,True
13,parallax_detected,0.8925008405541612,1.2608268587175546,1.060796413643391,25291,-1.2688142537974412,-0.6844020376980715,-0.03230016578909334,True
14,confused_fspl_no_parallax,1.2608268587175546,1.781157277876093,1.4985763028776429,5035,-0.28387234677410483,0.2992485043185909,1.4486443898720125,True
14,parallax_detected,1.2608268587175546,1.781157277876093,1.4985763028776429,13607,-1.2719387431325408,-0.6913742220702437,0.006335703658419026,True
15,confused_fspl_no_parallax,1.781157277876093,2.5162227680951306,2.1170234991964945,2355,-0.3014205851830478,0.3192746302669719,1.5143839154429872,True
15,parallax_detected,1.781157277876093,2.5162227680951306,2.1170234991964945,5694,-1.2811587958270407,-0.693317446135018,0.029336060021488156,True
16,confused_fspl_no_parallax,2.5162227680951306,3.5546423088645214,2.99069756244244,805,-0.31208840158141515,0.3087110290755097,1.5676414343177716,True
16,parallax_detected,2.5162227680951306,3.5546423088645214,2.99069756244244,1989,-1.263667102832274,-0.698794915239993,0.016496968211243773,True
17,confused_fspl_no_parallax,3.5546423088645214,5.021607031055999,4.224928024367186,239,-0.2901022113841779,0.1839030677976466,1.721590104875901,True
17,parallax_detected,3.5546423088645214,5.021607031055999,4.224928024367186,612,-1.2275614776049697,-0.6883443972086425,0.1960838678023106,True
18,confused_fspl_no_parallax,5.021607031055999,7.09397317177776,5.968512843039028,75,-0.5288895513054136,0.1090865861981282,1.468201724902922,True
18,parallax_detected,5.021607031055999,7.09397317177776,5.968512843039028,159,-1.2433667398144408,-0.6383814087288617,0.3020122152975185,True
19,confused_fspl_no_parallax,7.09397317177776,10.021583738168333,8.431657380212412,16,-0.4787841945343447,0.4241711919183719,1.1886511266711248,False
19,parallax_detected,7.09397317177776,10.021583738168333,8.431657380212412,33,-1.0357039593223232,-0.5653964485546312,0.033699126187450835,True
20,confused_fspl_no_parallax,10.021583738168333,14.157389404949152,11.911316612178315,3,-0.6242142834683808,-0.025737192975866588,0.03307117279909403,False
20,parallax_detected,10.021583738168333,14.157389404949152,11.911316612178315,2,-0.9448244709096127,0.012910621117618426,0.9706457131448495,False
21,confused_fspl_no_parallax,14.157389404949152,20.0,16.826995813245542,0,,,,False
21,parallax_detected,14.157389404949152,20.0,16.826995813245542,1,0.49789841645259136,0.49789841645259136,0.49789841645259136,False
